#{"t_start": 1749069084.0843701, "env_id": "None"}
r,l,t
0.0,100,146.628974
0.0,100,148.302914
0.0,100,149.958325
0.0,100,151.584835
0.0,100,153.195748
0.0,100,305.220812
0.0,100,306.882024
0.0,100,308.49753
100.0,76,309.725093
100.0,88,311.142987
100.0,17,465.963939
100.0,10,466.13008
0.0,100,467.766629
100.0,7,467.88834
100.0,55,468.795292
-100.0,62,628.249538
100.0,36,628.846227
0.0,100,630.496017
100.0,12,630.693284
100.0,10,630.859963
100.0,35,793.766967
100.0,24,794.169956
100.0,14,794.409335
100.0,43,795.132455
100.0,18,795.443138
100.0,6,961.496272
100.0,42,962.188462
100.0,15,962.439367
100.0,31,962.949079
100.0,53,963.824545
100.0,40,1133.511926
100.0,39,1134.149269
100.0,26,1134.575138
100.0,74,1135.787189
100.0,20,1136.122202
100.0,17,1308.385948
100.0,19,1308.713304
100.0,36,1309.31653
100.0,32,1309.854712
100.0,15,1310.116186
100.0,37,1485.201652
100.0,42,1485.894773
100.0,13,1486.113027
100.0,10,1486.284695
100.0,6,1486.39247
100.0,21,1665.043699
100.0,38,1665.675337
100.0,37,1666.286287
100.0,10,1666.457643
100.0,29,1666.943647
1,32.550713
-100.0,25,32.914181
0.0,100,34.2831
-100.0,26,34.642476
-100.0,7,34.747275
-100.0,12,34.92055
0.0,100,36.291035
-100.0,83,37.430544
0.0,100,38.807678
0.0,100,40.192155
100.0,23,40.521371
-100.0,7,40.624581
0.0,100,42.009301
100.0,65,42.949142
100.0,22,43.25842
-100.0,24,43.593603
-100.0,4,43.654138
0.0,100,45.037309
-100.0,55,45.814999
0.0,100,47.191209
0.0,100,48.570765
0.0,100,49.948213
100.0,41,50.514459
0.0,100,51.918433
-100.0,71,52.901591
0.0,100,54.264287
0.0,100,55.644717
0.0,100,57.014792
0.0,100,58.389349
-100.0,3,58.438445
0.0,100,61.270843
0.0,100,62.703788
0.0,100,64.133295
0.0,100,65.553811
0.0,100,66.927992
0.0,100,68.30047
0.0,100,69.663281
0.0,100,71.03378
0.0,100,72.408487
0.0,100,73.810923
100.0,49,74.482971
0.0,100,75.856599
100.0,8,75.977716
0.0,100,77.389215
0.0,100,78.796512
0.0,100,80.186032
0.0,100,81.557256
-100.0,70,82.55471
-100.0,7,82.662323
-100.0,76,83.708324
0.0,100,85.083783
0.0,100,86.457185
0.0,100,87.845409
0.0,100,90.64046
0.0,100,92.038007
0.0,100,93.445624
-100.0,3,93.495724
0.0,100,94.883774
0.0,100,96.271657
0.0,100,97.65981
0.0,100,99.07735
0.0,100,100.461385
0.0,100,101.838523
0.0,100,103.206418
0.0,100,104.575949
100.0,78,105.65798
0.0,100,107.028443
100.0,80,108.14345
0.0,100,109.546905
0.0,100,110.927836
0.0,100,112.32391
-100.0,3,112.372452
0.0,100,113.751402
0.0,100,115.124576
0.0,100,116.498209
0.0,100,117.904491
-100.0,1,117.925508
0.0,100,120.86825
0.0,100,122.284406
0.0,100,123.666355
0.0,100,125.037755
0.0,100,126.407899
100.0,77,127.463511
0.0,100,128.834416
100.0,83,130.005581
0.0,100,131.375019
0.0,100,132.751194
100.0,34,133.234951
0.0,100,134.673703
100.0,44,135.284196
100.0,80,136.374583
0.0,100,137.781886
0.0,100,139.158064
0.0,100,140.522371
-100.0,1,140.541385
0.0,100,141.909644
-100.0,4,141.97169
0.0,100,143.345969
100.0,28,143.745585
0.0,100,153.325949
0.0,100,154.747427
100.0,65,155.677774
0.0,100,158.533443
0.0,100,159.963842
0.0,100,161.37261
100.0,71,162.374164
100.0,54,163.143424
0.0,100,164.563531
0.0,100,165.973921
100.0,67,166.952017
100.0,74,168.02162
100.0,50,168.756067
0.0,100,170.1748
0.0,100,171.58076
0.0,100,172.99649
100.0,13,173.187819
0.0,100,174.610541
100.0,6,174.70463
-100.0,47,175.38654
0.0,100,176.821239
0.0,100,178.239843
100.0,86,179.451539
0.0,100,180.865818
0.0,100,182.305608
0.0,100,183.723274
0.0,100,185.170018
100.0,67,186.122763
0.0,100,188.975537
100.0,32,189.442018
0.0,100,190.921298
0.0,100,192.40295
-100.0,49,193.144041
0.0,100,194.594608
100.0,17,194.841185
0.0,100,196.253211
0.0,100,197.715148
0.0,100,199.136474
0.0,100,200.54016
0.0,100,202.006781
100.0,1,202.028813
0.0,100,203.426811
0.0,100,204.839945
0.0,100,206.256153
100.0,90,207.526892
100.0,11,207.69119
100.0,26,208.091322
0.0,100,209.497881
0.0,100,210.926236
0.0,100,212.345784
0.0,100,213.763258
0.0,100,215.18444
0.0,100,216.619402
100.0,85,217.817751
0.0,100,220.675242
100.0,97,222.074838
0.0,100,223.554119
0.0,100,224.964035
-100.0,2,224.998084
100.0,51,225.717059
100.0,39,226.271771
100.0,31,226.713467
100.0,22,227.028201
0.0,100,228.441286
100.0,42,229.041746
100.0,60,229.908585
-100.0,18,230.169753
100.0,69,231.169148
0.0,100,232.612301
-100.0,4,232.676389
100.0,34,233.16696
100.0,44,233.794873
100.0,48,234.477737
100.0,44,235.106643
100.0,81,236.268578
-100.0,59,237.11465
0.0,100,238.567869
100.0,46,239.218274
-100.0,37,239.74932
100.0,17,239.992682
0.0,100,241.463891
0.0,100,242.965774
100.0,29,243.394878
0.0,100,244.826773
0.0,100,246.247352
100.0,49,246.948382
100.0,42,247.546396
100.0,69,248.556422
0.0,100,251.37661
100.0,76,252.473415
0.0,100,253.893672
100.0,66,254.834817
0.0,100,256.256408
0.0,100,257.684394
100.0,20,257.972581
0.0,100,259.398473
-100.0,98,260.811404
100.0,79,261.922875
100.0,52,262.667117
100.0,29,263.079959
100.0,100,264.492529
100.0,73,265.529351
0.0,100,266.948175
100.0,13,267.144602
0.0,100,268.570116
100.0,49,269.287388
0.0,100,270.723662
0.0,100,272.152518
100.0,69,273.130979
0.0,100,274.576426
100.0,26,274.970537
100.0,29,275.392279
0.0,100,276.812573
0.0,100,278.237474
100.0,87,279.478015
100.0,6,279.571087
0.0,100,282.357311
0.0,100,283.777258
100.0,84,284.985487
0.0,100,286.428886
0.0,100,287.874627
100.0,74,288.938037
100.0,56,289.755013
100.0,47,290.433187
100.0,64,291.370512
100.0,8,291.488115
100.0,68,292.482107
0.0,100,293.960749
0.0,100,295.418798
100.0,90,296.700649
100.0,27,297.088229
0.0,100,298.493203
100.0,66,299.448464
100.0,69,300.427142
0.0,100,301.852513
0.0,100,303.267651
100.0,86,312.073369
100.0,72,313.112749
0.0,100,314.580274
100.0,17,314.838861
100.0,32,315.313869
100.0,38,315.879082
100.0,26,316.262193
100.0,11,316.426397
0.0,100,317.912686
100.0,66,320.259001
100.0,86,321.541539
100.0,58,322.391674
100.0,86,323.640645
100.0,33,324.118589
100.0,65,325.07366
100.0,10,325.229193
100.0,35,325.736242
100.0,94,327.101197
100.0,33,327.584826
100.0,33,328.069325
100.0,74,329.148261
100.0,31,329.603326
-100.0,61,330.492321
100.0,70,331.521805
100.0,93,332.863861
100.0,26,333.241857
100.0,85,334.47754
100.0,13,334.668849
100.0,25,335.034636
100.0,43,335.670198
100.0,75,336.76642
100.0,72,337.842636
0.0,100,339.323049
100.0,65,340.276353
100.0,43,340.902042
100.0,86,342.154349
100.0,94,343.536694
0.0,100,344.990448
100.0,80,346.15487
0.0,100,347.640297
100.0,51,348.387138
100.0,25,348.756962
100.0,87,351.452952
100.0,40,352.063859
0.0,100,353.597059
100.0,63,354.554907
100.0,47,355.290024
100.0,62,356.257406
100.0,66,357.239461
100.0,27,357.639415
-100.0,24,358.003606
100.0,65,358.968844
100.0,18,359.242228
-100.0,36,359.773597
100.0,50,360.509588
100.0,15,360.743217
0.0,100,362.226153
100.0,75,363.32734
100.0,43,363.95782
100.0,26,364.342588
100.0,88,365.632112
100.0,80,366.79475
0.0,100,368.319152
100.0,76,369.427931
100.0,23,369.760447
100.0,28,370.18697
0.0,100,371.637218
100.0,15,371.878038
100.0,75,372.977543
100.0,80,374.151126
-100.0,31,374.604403
100.0,11,374.767644
100.0,38,375.32122
100.0,40,375.916249
100.0,21,376.228648
100.0,33,376.741633
100.0,22,377.069924
100.0,9,377.208216
0.0,100,378.652114
0.0,100,380.109467
100.0,42,380.726705
100.0,64,383.075457
100.0,44,383.734366
100.0,65,384.683596
100.0,4,384.746806
100.0,28,385.153144
0.0,100,386.608272
100.0,30,387.049044
100.0,48,387.751276
100.0,39,388.329449
100.0,41,388.974583
100.0,62,389.905579
100.0,17,390.162079
100.0,57,391.03122
100.0,75,392.138743
100.0,56,392.949975
100.0,11,393.117427
100.0,34,393.611157
100.0,36,394.146988
100.0,39,394.723467
100.0,36,395.262328
100.0,6,395.362257
100.0,86,396.631551
100.0,32,397.121589
100.0,48,397.822663
100.0,78,398.968982
0.0,100,400.467586
100.0,37,401.009244
100.0,20,401.312713
100.0,43,401.962518
100.0,47,402.670691
100.0,53,403.469839
100.0,16,403.710433
100.0,55,404.516243
100.0,20,404.809976
100.0,58,405.652031
100.0,54,406.438974
100.0,56,407.251529
100.0,19,407.530646
100.0,48,408.231232
0.0,100,409.690227
0.0,100,411.167582
100.0,71,412.202727
100.0,10,412.358668
100.0,76,414.865703
100.0,33,415.350303
100.0,45,416.018275
0.0,100,417.495399
100.0,36,418.025398
100.0,92,419.371316
100.0,57,420.199235
100.0,70,421.220531
100.0,28,421.633151
100.0,30,422.066554
100.0,36,422.605008
100.0,87,423.873998
0.0,100,425.325995
100.0,8,425.447124
100.0,64,426.378123
100.0,19,426.661599
100.0,30,427.099174
100.0,28,427.513106
100.0,32,427.982774
100.0,57,428.838816
100.0,14,429.046199
100.0,12,429.228214
100.0,43,429.855162
100.0,93,431.207285
-100.0,26,431.592128
100.0,30,432.040407
100.0,62,432.962743
100.0,20,433.259463
100.0,12,433.439619
100.0,37,434.003985
100.0,10,434.155691
100.0,47,434.845344
100.0,51,435.588547
100.0,54,436.374674
100.0,28,436.786273
-100.0,30,437.235672
100.0,27,437.649338
100.0,75,438.747708
100.0,50,439.482692
100.0,40,440.069639
0.0,100,441.528361
100.0,52,442.279296
100.0,57,443.117956
100.0,68,444.117189
100.0,59,446.372865
100.0,45,447.036916
100.0,16,447.280388
100.0,28,447.691026
100.0,76,448.818872
100.0,67,449.809532
100.0,42,450.420811
100.0,1,450.440846
100.0,65,451.404563
100.0,16,451.641369
100.0,36,452.172468
100.0,66,453.158018
100.0,49,453.891639
100.0,17,454.144842
100.0,19,454.445472
100.0,40,455.029611
100.0,79,456.182178
100.0,16,456.424817
100.0,36,456.957192
100.0,18,457.232173
100.0,35,457.750574
100.0,39,458.329303
100.0,52,459.091196
100.0,24,459.444535
100.0,46,460.122775
100.0,59,460.990067
100.0,46,461.659222
100.0,46,462.334791
100.0,40,462.928124
100.0,13,463.127565
100.0,51,463.890968
100.0,68,464.891852
100.0,82,469.231901
100.0,52,470.022382
100.0,11,470.194318
100.0,20,470.503662
100.0,49,471.274318
100.0,72,472.376464
100.0,18,472.65645
100.0,86,473.988755
100.0,45,474.68143
100.0,45,475.364195
100.0,26,475.763362
100.0,29,476.220573
100.0,66,477.202899
100.0,54,478.002322
100.0,50,478.749529
100.0,33,479.245542
100.0,5,479.326151
100.0,25,479.704899
100.0,49,481.850547
100.0,24,482.222462
100.0,36,482.777019
100.0,27,483.209496
100.0,79,484.405941
100.0,27,484.812595
100.0,55,485.636481
-100.0,6,485.732374
100.0,29,486.169973
100.0,31,486.632166
100.0,36,487.184894
0.0,100,488.677146
100.0,59,489.576045
100.0,18,489.861822
100.0,31,490.338391
100.0,66,491.357669
-100.0,20,491.685536
100.0,57,492.557766
100.0,88,493.909537
100.0,26,494.308996
100.0,48,495.041902
100.0,19,495.331035
100.0,51,496.092726
100.0,36,496.645253
100.0,60,497.561061
100.0,17,497.823964
100.0,57,498.673787
100.0,58,499.552606
100.0,36,500.104205
100.0,60,501.007205
0.0,100,502.555958
100.0,82,503.794153
100.0,80,505.00539
100.0,26,505.402383
100.0,57,506.262267
100.0,15,506.494313
-100.0,24,506.857046
100.0,46,507.548945
100.0,43,508.197334
100.0,1,508.22037
100.0,27,508.631746
-100.0,19,508.917334
100.0,48,509.658518
100.0,28,510.092181
100.0,65,511.083985
100.0,20,511.389894
100.0,67,512.40217
100.0,51,514.612093
100.0,71,515.679432
100.0,43,516.326581
100.0,43,516.975435
100.0,42,517.615524
100.0,49,518.350682
100.0,35,518.875447
100.0,66,519.856596
100.0,14,520.070048
100.0,16,520.309644
100.0,62,521.223865
100.0,76,522.343667
100.0,85,523.602626
100.0,26,523.990331
100.0,54,524.792022
100.0,23,525.147291
100.0,10,525.305453
100.0,22,525.647069
100.0,51,526.40156
100.0,13,526.59528
100.0,40,527.187794
100.0,12,527.370812
100.0,29,527.816365
100.0,38,528.375623
100.0,12,528.560777
100.0,25,528.933382
-100.0,54,529.730725
100.0,22,530.065697
100.0,56,530.908604
100.0,27,531.321887
100.0,23,531.678245
100.0,40,532.29681
100.0,39,532.89497
100.0,23,533.250589
100.0,36,533.800699
100.0,30,534.25255
100.0,29,534.687311
100.0,68,535.691061
100.0,36,536.243746
100.0,73,537.339821
100.0,13,537.54431
100.0,51,538.327823
-100.0,54,539.15359
100.0,13,539.355827
100.0,67,540.372305
100.0,51,541.124432
100.0,84,542.371331
-100.0,22,542.701209
100.0,21,543.015424
0.0,100,544.496423
100.0,52,546.644722
100.0,16,546.889913
100.0,31,547.36588
100.0,23,547.717992
100.0,41,548.331759
100.0,32,548.814561
100.0,37,549.365887
100.0,71,550.426223
100.0,55,551.241593
100.0,58,552.113225
100.0,41,552.723812
100.0,64,553.680269
100.0,47,554.379493
100.0,29,554.81157
100.0,62,555.73333
100.0,58,556.59751
100.0,54,557.418284
100.0,34,557.928911
100.0,43,558.584991
100.0,50,559.335109
100.0,71,560.39039
100.0,46,561.080405
100.0,38,561.656842
-100.0,34,562.165306
100.0,51,562.94348
100.0,98,564.399278
100.0,32,564.875836
100.0,37,565.422972
100.0,17,565.680668
100.0,15,565.907482
100.0,70,566.949068
100.0,50,567.700896
100.0,27,568.111542
100.0,44,568.782102
100.0,79,569.971139
100.0,27,570.386656
100.0,38,570.960382
100.0,31,571.428872
100.0,40,572.050309
100.0,38,572.644512
-100.0,46,573.345473
100.0,21,573.665723
100.0,22,573.994901
100.0,39,574.593111
100.0,15,574.827109
100.0,20,575.137146
100.0,26,575.53484
-100.0,27,575.954411
100.0,17,576.220422
100.0,43,576.874454
100.0,33,578.793032
100.0,61,579.717065
100.0,16,579.964137
100.0,16,580.205501
100.0,49,580.936802
100.0,26,581.32126
100.0,25,581.701485
100.0,21,582.029834
100.0,19,582.32261
100.0,41,582.934189
-100.0,69,583.967643
100.0,44,584.625704
100.0,33,585.141662
100.0,35,585.676061
100.0,8,585.802976
100.0,6,585.897701
100.0,37,586.45976
100.0,43,587.107094
100.0,10,587.270288
100.0,34,587.794922
100.0,54,588.607967
100.0,76,589.763552
100.0,34,590.295736
-100.0,39,590.913764
100.0,13,591.12012
100.0,43,591.784804
100.0,22,592.119766
100.0,30,592.569957
100.0,19,592.860603
100.0,35,593.390653
100.0,45,594.065348
100.0,46,594.750836
100.0,37,595.317652
100.0,17,595.576467
100.0,53,596.383652
100.0,21,596.699632
100.0,17,596.95496
-100.0,5,597.035023
100.0,46,597.736707
100.0,10,597.896473
100.0,21,598.236049
100.0,47,598.942791
100.0,42,599.571434
100.0,13,599.768002
100.0,24,600.136104
100.0,28,600.561617
100.0,21,600.885586
100.0,19,601.178637
100.0,72,602.246164
100.0,7,602.355684
100.0,29,602.788246
100.0,46,603.470864
100.0,57,604.315809
100.0,63,605.249429
100.0,33,605.74003
100.0,65,606.705864
100.0,22,607.034998
100.0,32,607.514914
100.0,23,607.86823
100.0,33,608.369156
100.0,62,609.316594
100.0,46,611.410969
100.0,23,611.755415
100.0,45,612.432891
100.0,46,613.153152
100.0,24,613.512522
100.0,29,613.953005
100.0,10,614.113228
100.0,21,614.426106
100.0,36,614.972653
-100.0,27,615.386879
100.0,50,616.148934
100.0,45,616.825614
100.0,27,617.230527
100.0,43,617.905511
100.0,20,618.215493
100.0,37,618.770744
100.0,51,619.554861
100.0,14,619.769748
100.0,53,620.568392
100.0,32,621.047773
100.0,11,621.21595
100.0,1,621.237486
-100.0,11,621.406084
100.0,27,621.820781
100.0,44,622.479236
100.0,14,622.691468
100.0,30,623.140216
100.0,44,623.811045
100.0,70,624.847313
100.0,26,625.247318
100.0,12,625.429014
100.0,42,626.058512
100.0,23,626.403973
100.0,26,626.795013
100.0,27,627.196193
100.0,66,631.828086
100.0,46,632.555041
100.0,73,633.740654
100.0,16,633.995239
100.0,38,634.59402
100.0,21,634.922695
100.0,45,635.629268
100.0,11,635.802073
100.0,17,636.077688
100.0,36,636.647911
100.0,21,636.967657
100.0,23,637.322662
100.0,7,637.433773
100.0,27,637.84734
100.0,31,638.324023
100.0,31,638.802842
100.0,28,639.234508
100.0,29,639.673733
100.0,11,639.845153
100.0,20,640.149058
100.0,50,640.910864
100.0,49,641.669666
100.0,52,642.485218
100.0,41,643.113056
100.0,24,643.479377
100.0,59,644.383809
100.0,74,645.519658
100.0,57,647.818001
100.0,26,648.223847
100.0,30,648.689258
100.0,12,648.881715
100.0,25,649.268234
100.0,58,650.15303
100.0,52,650.955595
100.0,38,651.538517
100.0,28,651.968586
100.0,39,652.578455
100.0,49,653.330327
100.0,41,653.986033
100.0,63,654.958477
100.0,10,655.117806
100.0,60,656.032472
-100.0,41,656.663774
100.0,3,656.716006
100.0,23,657.077396
100.0,51,657.855349
100.0,30,658.311821
100.0,19,658.609379
100.0,41,659.237376
100.0,13,659.438383
100.0,43,660.099984
100.0,36,660.674867
100.0,33,661.209999
100.0,22,661.544883
100.0,39,662.133554
100.0,54,662.95432
100.0,31,663.434392
100.0,60,664.343179
100.0,48,665.069894
100.0,16,665.316803
100.0,7,665.428963
100.0,32,665.923878
100.0,15,666.154411
100.0,33,666.654136
100.0,15,666.894533
100.0,30,667.350657
100.0,1,667.372181
100.0,55,668.223131
100.0,17,668.49653
100.0,63,669.488631
100.0,8,669.61735
100.0,34,670.14247
100.0,16,670.389284
100.0,36,670.947057
100.0,27,671.372777
100.0,6,671.469405
100.0,17,671.732807
100.0,34,672.250297
100.0,16,672.500194
100.0,38,673.076934
100.0,26,673.48169
100.0,55,674.320803
100.0,29,674.762587
100.0,26,675.163243
100.0,15,675.395632
100.0,4,675.461614
100.0,60,676.397225
100.0,46,677.097292
100.0,60,678.041588
100.0,51,678.819396
100.0,55,681.058336
100.0,21,681.392636
100.0,3,681.445712
100.0,40,682.095524
100.0,24,682.495832
100.0,35,683.058207
100.0,44,683.757909
100.0,30,684.252486
100.0,37,684.828786
100.0,23,685.185273
100.0,41,685.82335
100.0,42,686.487876
100.0,53,687.315533
100.0,2,687.35159
100.0,43,688.02478
100.0,12,688.218721
100.0,34,688.746868
100.0,58,689.646116
100.0,33,690.157105
100.0,15,690.395457
100.0,67,691.427448
100.0,16,691.680507
100.0,17,691.951955
100.0,33,692.462234
100.0,65,693.527531
100.0,54,694.391372
100.0,15,694.651975
100.0,31,695.163744
100.0,50,695.947284
100.0,38,696.535557
100.0,52,697.333595
100.0,18,697.617393
100.0,25,698.016233
100.0,61,698.967916
100.0,33,699.48975
100.0,39,700.09522
100.0,37,700.675597
100.0,24,701.05294
100.0,9,701.194735
100.0,50,701.965947
100.0,50,702.741676
100.0,37,703.315661
100.0,28,703.75657
100.0,29,704.212116
100.0,45,704.900978
100.0,10,705.057569
100.0,46,705.765003
100.0,14,705.981768
100.0,79,707.199387
100.0,22,707.539752
100.0,30,708.019023
100.0,30,708.481656
100.0,81,709.723857
100.0,4,709.789421
-100.0,30,710.249985
100.0,12,710.436743
100.0,29,710.88647
100.0,64,711.861928
100.0,16,712.115246
100.0,28,713.991269
100.0,30,714.462647
100.0,21,714.785703
100.0,30,715.244824
100.0,43,715.910785
100.0,54,716.739962
100.0,78,717.927565
100.0,28,718.356238
100.0,30,718.814244
100.0,42,719.463611
100.0,46,720.179247
100.0,18,720.453189
100.0,34,720.975403
100.0,25,721.359596
100.0,32,721.845026
100.0,7,721.9567
100.0,39,722.544764
100.0,25,722.926915
100.0,24,723.2929
100.0,28,723.723228
100.0,16,723.968014
100.0,14,724.184601
100.0,45,724.866948
100.0,60,725.784573
100.0,24,726.149348
100.0,30,726.609871
100.0,12,726.799417
-100.0,26,727.201453
100.0,28,727.65578
100.0,46,728.374539
100.0,32,728.865214
100.0,21,729.180561
100.0,48,729.9191
100.0,29,730.361586
100.0,7,730.47196
100.0,64,731.454002
100.0,48,732.179634
100.0,20,732.491029
100.0,78,733.687942
100.0,59,734.59488
100.0,15,734.832405
100.0,40,735.473688
100.0,40,736.101039
100.0,17,736.36915
100.0,26,736.7889
100.0,19,737.097174
-100.0,3,737.160822
100.0,19,737.464085
100.0,40,738.101589
100.0,35,738.644758
100.0,16,738.899144
100.0,42,739.541135
100.0,38,740.118831
100.0,15,740.354859
100.0,38,740.940768
100.0,39,741.54731
100.0,27,741.97372
100.0,8,742.106486
100.0,27,742.533213
100.0,26,742.933589
100.0,29,743.378235
100.0,10,743.536533
100.0,39,744.134031
100.0,41,744.773209
100.0,13,744.982113
100.0,1,745.003134
100.0,25,745.384587
100.0,34,747.310627
100.0,19,747.612013
100.0,1,747.634127
100.0,58,748.539207
100.0,30,749.015274
100.0,16,749.260551
100.0,33,749.772337
100.0,47,750.508733
100.0,29,750.963012
100.0,67,751.976745
100.0,31,752.454697
100.0,72,753.548942
100.0,43,754.209534
100.0,18,754.487987
100.0,28,754.910583
100.0,39,755.518317
100.0,56,756.378477
100.0,22,756.721996
100.0,19,757.023757
100.0,18,757.304795
100.0,23,757.658583
100.0,1,757.678598
100.0,39,758.276139
100.0,6,758.372692
100.0,33,758.871167
100.0,33,759.376394
100.0,27,759.797444
100.0,43,760.450844
100.0,67,761.493747
100.0,29,761.949556
100.0,45,762.642714
100.0,5,762.7255
100.0,80,763.9292
100.0,27,764.346582
100.0,60,765.254999
100.0,8,765.382796
100.0,35,765.92137
100.0,39,766.514431
100.0,17,766.780414
100.0,15,767.010638
100.0,31,767.486632
100.0,45,768.17499
100.0,13,768.380404
100.0,41,769.0103
100.0,32,769.496053
100.0,5,769.576938
100.0,49,770.324387
100.0,30,770.803658
100.0,21,771.136677
100.0,7,771.248885
100.0,21,771.572219
100.0,19,771.865296
-100.0,42,772.497689
100.0,26,772.897494
100.0,8,773.024456
100.0,30,773.480358
100.0,12,773.663707
100.0,35,774.198308
100.0,30,774.664829
100.0,70,775.760165
100.0,36,776.318883
100.0,54,777.136596
100.0,42,777.777012
100.0,12,777.968345
100.0,52,780.18757
100.0,33,780.693631
100.0,17,780.961177
100.0,39,781.568995
100.0,25,781.959078
100.0,21,782.287441
100.0,40,782.898421
100.0,9,783.041208
100.0,42,783.685315
100.0,37,784.2642
100.0,21,784.58832
100.0,28,785.02148
100.0,14,785.251081
100.0,53,786.088362
100.0,43,786.751166
100.0,34,787.27018
100.0,25,787.666688
100.0,18,787.945454
100.0,13,788.154713
100.0,33,788.681389
100.0,28,789.146623
100.0,33,789.675733
100.0,64,790.73156
100.0,33,791.266702
100.0,12,791.472212
100.0,21,791.801492
100.0,2,791.840081
100.0,37,792.404744
100.0,27,792.825736
100.0,56,795.980256
100.0,53,796.858364
100.0,86,798.22861
100.0,35,798.775757
100.0,16,799.02879
100.0,6,799.128493
-100.0,19,799.43497
100.0,75,800.642545
-100.0,9,800.788841
100.0,14,801.035498
100.0,42,801.718577
100.0,28,802.163586
100.0,37,802.755516
100.0,27,803.187881
100.0,26,803.603415
100.0,23,803.980724
100.0,1,804.002284
100.0,9,804.150562
100.0,16,804.406695
100.0,22,804.757168
100.0,50,805.555295
100.0,57,806.462426
100.0,22,806.813661
100.0,26,807.225861
100.0,15,807.471914
100.0,10,807.631124
100.0,23,807.997358
100.0,13,808.205748
100.0,57,809.101872
100.0,39,809.738163
100.0,37,810.322298
100.0,35,810.870656
-100.0,20,811.185008
100.0,39,811.79533
100.0,6,811.894469
100.0,36,812.465813
100.0,57,813.383056
100.0,9,813.52792
100.0,28,813.970716
100.0,27,814.39558
100.0,13,814.59956
100.0,52,816.796225
100.0,35,817.347947
100.0,15,817.584182
100.0,41,818.232917
100.0,42,818.888203
100.0,54,819.723679
100.0,39,820.340064
100.0,43,821.011408
100.0,41,821.654976
100.0,12,821.845691
100.0,36,822.407863
100.0,23,822.769313
100.0,38,823.368134
100.0,48,824.112396
100.0,12,824.302163
100.0,14,824.52539
100.0,39,825.135641
100.0,51,825.927381
-100.0,18,826.209963
-100.0,2,826.247491
100.0,51,827.051825
100.0,54,827.8955
100.0,18,828.189334
100.0,49,828.959732
100.0,44,829.657337
100.0,52,830.470597
100.0,9,830.61587
100.0,10,830.779751
100.0,29,831.23733
100.0,28,831.684131
100.0,14,831.91371
100.0,7,832.029449
100.0,30,832.52019
100.0,16,832.777982
100.0,35,833.332969
100.0,39,833.946123
100.0,12,834.137607
100.0,22,834.481311
100.0,61,835.45175
100.0,10,835.616679
100.0,32,836.121427
100.0,59,837.044396
100.0,50,837.82475
100.0,16,838.078426
100.0,12,838.271339
100.0,3,838.323407
100.0,16,838.575379
100.0,49,839.339864
100.0,31,839.829076
100.0,30,840.298307
-100.0,20,840.609687
100.0,57,841.526359
100.0,48,842.276629
100.0,10,842.437315
100.0,61,843.392681
100.0,50,844.178122
100.0,28,844.625258
-100.0,35,845.1875
100.0,37,845.766537
-100.0,20,846.084458
100.0,20,846.406315
100.0,35,846.945509
100.0,31,847.432282
100.0,18,847.720496
100.0,38,848.317823
100.0,68,850.787087
-100.0,20,851.104705
100.0,24,851.494263
100.0,28,851.930819
100.0,57,852.819476
100.0,58,853.718038
100.0,1,853.740587
100.0,12,853.934665
100.0,34,854.470974
100.0,30,854.939212
100.0,56,855.810282
100.0,3,855.86454
100.0,26,856.268166
100.0,32,856.766755
100.0,8,856.905941
100.0,17,857.187697
100.0,8,857.329116
100.0,51,858.165368
100.0,33,858.700043
100.0,11,858.895882
100.0,33,859.427415
100.0,14,859.663625
100.0,24,860.059086
100.0,26,860.482621
100.0,60,861.436213
100.0,17,861.70918
100.0,10,861.874974
100.0,31,862.380453
100.0,34,862.95001
100.0,13,863.173302
100.0,23,863.530864
100.0,44,864.21607
100.0,39,864.837859
100.0,11,865.015512
100.0,28,865.462529
100.0,47,866.212296
100.0,6,866.311897
100.0,8,866.443866
100.0,38,867.062215
100.0,31,867.55893
100.0,30,868.030935
100.0,67,869.070057
100.0,23,869.433062
100.0,1,869.455077
100.0,45,870.158991
100.0,26,870.56721
100.0,13,870.784868
100.0,39,871.390062
100.0,52,872.199421
100.0,43,872.867795
100.0,38,873.467272
100.0,1,873.489323
100.0,16,873.751037
100.0,1,873.772559
100.0,8,873.911088
100.0,46,874.632511
100.0,30,875.102578
100.0,21,875.434626
100.0,38,876.031356
100.0,22,876.379176
100.0,22,876.731419
100.0,36,877.294411
100.0,10,877.454175
100.0,46,878.204907
100.0,6,878.317713
100.0,13,878.540724
100.0,40,879.180794
100.0,33,879.739834
100.0,13,879.948778
100.0,23,880.31063
100.0,50,881.093943
100.0,35,881.641463
100.0,12,881.837719
100.0,19,882.142025
100.0,30,883.965492
100.0,31,884.460425
100.0,16,884.718574
100.0,40,885.353387
-100.0,21,885.686839
100.0,57,886.598781
100.0,41,887.237568
100.0,32,887.740035
100.0,21,888.079804
100.0,13,888.294662
100.0,23,888.673446
100.0,14,888.895685
100.0,10,889.054761
100.0,1,889.078818
100.0,8,889.209157
100.0,59,890.129712
100.0,38,890.72607
100.0,5,890.809656
100.0,11,890.987128
100.0,63,891.980134
100.0,43,892.650051
100.0,54,893.496806
100.0,27,893.915913
100.0,44,894.614801
100.0,29,895.080459
100.0,37,895.664242
100.0,21,895.996194
100.0,22,896.346375
100.0,11,896.523395
100.0,38,897.124413
100.0,11,897.299631
100.0,23,897.662008
100.0,6,897.763074
100.0,11,897.939317
100.0,36,898.503496
100.0,14,898.726851
100.0,20,899.040598
100.0,21,899.374585
100.0,13,899.583684
100.0,54,900.455204
100.0,4,900.523865
100.0,12,900.719286
100.0,14,900.948744
100.0,65,902.010659
100.0,5,902.100807
100.0,10,902.266916
100.0,23,902.640643
100.0,8,902.77599
100.0,38,903.393525
100.0,5,903.479367
100.0,59,904.418909
100.0,40,905.053321
-100.0,18,905.348384
100.0,13,905.554289
100.0,30,906.024871
100.0,36,906.600671
100.0,7,906.725586
100.0,39,907.364189
100.0,22,907.718501
-100.0,11,907.895893
100.0,67,908.957264
-100.0,26,909.378346
100.0,16,909.645632
100.0,33,910.169653
100.0,31,910.66726
100.0,42,911.34141
100.0,44,912.036122
100.0,21,912.367134
100.0,16,912.628195
100.0,21,912.971033
100.0,24,913.349037
100.0,12,913.540941
100.0,10,913.703307
100.0,16,913.963348
-100.0,13,914.170298
100.0,25,914.568269
100.0,64,915.575199
100.0,28,916.01999
100.0,49,918.200052
100.0,15,918.437306
100.0,27,918.862185
100.0,13,919.075773
100.0,22,919.424534
100.0,30,919.901582
100.0,37,920.485999
100.0,49,921.253116
100.0,12,921.445018
100.0,36,922.011188
100.0,37,922.607904
100.0,12,922.804739
100.0,39,923.416568
100.0,30,923.893282
100.0,40,924.519665
100.0,44,925.212796
100.0,40,925.845353
100.0,36,926.414701
100.0,17,926.692807
100.0,11,926.872869
100.0,27,927.323824
100.0,48,928.068197
100.0,11,928.248631
100.0,11,928.424629
100.0,36,928.998161
100.0,31,929.494911
-100.0,10,929.666253
100.0,30,930.134995
100.0,21,930.46459
100.0,10,930.625032
100.0,23,930.981209
100.0,18,931.272375
100.0,54,932.141263
100.0,32,932.638086
100.0,9,932.780818
100.0,19,933.080596
100.0,50,933.870313
100.0,74,935.016616
100.0,26,935.455633
100.0,44,936.156197
100.0,10,936.321045
100.0,28,936.778534
100.0,38,937.377767
100.0,17,937.649204
100.0,28,938.09627
100.0,27,938.532068
100.0,30,939.001302
100.0,34,939.52939
100.0,15,939.769742
100.0,29,940.226356
100.0,21,940.558419
100.0,29,941.014522
100.0,32,941.536108
100.0,26,941.944852
100.0,28,942.381068
100.0,34,942.911312
-100.0,40,943.535267
100.0,27,943.956461
100.0,11,944.134243
100.0,28,944.582071
100.0,29,945.047589
100.0,47,945.775423
100.0,7,945.891389
100.0,57,946.774025
100.0,13,946.980994
100.0,39,947.584082
100.0,21,947.917903
100.0,18,948.200791
100.0,61,949.143013
100.0,45,949.842067
100.0,21,950.171888
100.0,25,951.976351
100.0,60,952.938536
100.0,38,953.560171
100.0,23,953.927933
100.0,4,953.997525
100.0,30,954.48583
100.0,17,954.758838
100.0,22,955.133191
100.0,17,955.407572
100.0,23,955.768675
100.0,2,955.806211
-100.0,40,956.428984
100.0,17,956.703912
100.0,53,957.544723
100.0,36,958.12014
100.0,26,958.53401
100.0,38,959.125199
100.0,48,959.88119
100.0,37,960.465971
100.0,32,960.967983
100.0,14,961.190295
100.0,31,964.137475
-100.0,28,964.593655
-100.0,48,965.367996
100.0,45,966.091803
100.0,30,966.586614
100.0,12,966.784607
100.0,32,967.296386
100.0,35,967.863808
100.0,46,968.601116
-100.0,49,969.388213
100.0,16,969.646571
100.0,41,970.295456
100.0,47,971.049031
100.0,18,971.347822
100.0,16,971.605591
100.0,11,971.790502
100.0,28,972.242528
100.0,26,972.680119
100.0,23,973.089371
100.0,28,973.544909
100.0,11,973.737286
100.0,25,974.143566
100.0,29,974.612117
100.0,24,974.994584
100.0,21,975.338595
100.0,21,975.677634
100.0,33,976.207314
100.0,7,976.324443
100.0,8,976.456077
100.0,52,977.296258
100.0,39,977.918734
100.0,58,978.84369
100.0,22,979.19344
100.0,26,979.607973
100.0,22,979.959296
100.0,30,980.440732
100.0,23,980.814827
100.0,19,981.123179
100.0,16,981.384259
100.0,18,981.678318
100.0,11,981.856283
100.0,34,982.40847
100.0,34,982.951649
100.0,42,983.618125
100.0,17,983.893825
100.0,32,984.400352
100.0,41,985.055341
100.0,29,985.51629
100.0,49,986.301222
100.0,32,986.829313
100.0,21,988.529287
100.0,19,988.863413
100.0,35,989.448983
100.0,36,990.023014
100.0,16,990.282439
100.0,15,990.52143
100.0,32,991.030149
100.0,64,992.04687
100.0,27,992.48337
100.0,34,993.018342
100.0,39,993.662791
100.0,24,994.050879
100.0,19,994.351394
100.0,21,994.694423
100.0,33,995.218016
100.0,48,995.977055
100.0,42,996.644178
-100.0,15,996.897763
100.0,46,997.638038
100.0,7,997.762846
100.0,49,998.561245
100.0,48,999.342193
100.0,26,999.772332
100.0,4,999.847451
100.0,53,1000.728134
100.0,27,1001.169117
-100.0,9,1001.327134
100.0,46,1002.074744
100.0,39,1002.701974
100.0,27,1003.142078
100.0,18,1003.44558
100.0,21,1003.786777
100.0,36,1004.360237
100.0,21,1004.697778
100.0,16,1004.955889
-100.0,15,1005.205186
100.0,28,1005.67319
100.0,25,1006.071994
-100.0,6,1006.171828
100.0,24,1006.552804
100.0,5,1006.638416
100.0,12,1006.834076
100.0,16,1007.093244
100.0,27,1007.533275
100.0,48,1008.306928
100.0,21,1008.645336
100.0,18,1008.932052
100.0,11,1009.112248
100.0,18,1009.403056
100.0,27,1009.829002
100.0,23,1010.20234
100.0,41,1010.879122
100.0,6,1010.982826
100.0,34,1011.521332
100.0,52,1012.337955
100.0,46,1013.080691
100.0,29,1013.544707
100.0,15,1013.787582
100.0,6,1013.889277
100.0,38,1014.486702
100.0,35,1015.045006
100.0,32,1015.562047
100.0,12,1015.75748
100.0,16,1016.014401
100.0,10,1016.177698
100.0,28,1016.630001
100.0,16,1016.885019
100.0,29,1017.356705
100.0,15,1017.597523
100.0,22,1017.948744
100.0,56,1018.857856
100.0,30,1019.350273
100.0,35,1019.922906
100.0,17,1020.206708
100.0,62,1021.215853
100.0,10,1021.391261
100.0,30,1023.312992
100.0,23,1023.681403
-100.0,2,1023.721098
100.0,54,1024.585443
100.0,8,1024.719136
100.0,34,1025.264078
100.0,30,1025.755547
100.0,13,1025.974465
100.0,25,1026.375853
100.0,41,1027.034615
-100.0,12,1027.234518
100.0,20,1027.55919
100.0,44,1028.258107
100.0,41,1028.91168
100.0,19,1029.223824
100.0,12,1029.424857
100.0,22,1029.787277
100.0,57,1030.712434
100.0,42,1031.406365
100.0,36,1032.00643
100.0,13,1032.235285
100.0,12,1032.448944
100.0,16,1032.715464
100.0,16,1032.98688
100.0,24,1033.386528
100.0,34,1033.949068
100.0,39,1034.570591
100.0,45,1035.284354
100.0,36,1035.851305
100.0,22,1036.202892
100.0,10,1036.36558
100.0,24,1036.748932
100.0,37,1037.35931
100.0,27,1037.791905
100.0,32,1038.311475
100.0,26,1038.725104
100.0,10,1038.889964
100.0,7,1039.017195
100.0,22,1039.376221
100.0,29,1039.837905
100.0,15,1040.08148
100.0,29,1040.547943
100.0,27,1040.983704
100.0,15,1041.238711
100.0,40,1041.869093
100.0,33,1042.409398
100.0,37,1042.998224
100.0,31,1043.485059
100.0,24,1043.864953
100.0,24,1044.256214
100.0,41,1044.904308
100.0,16,1045.160924
100.0,27,1045.597112
100.0,15,1045.840528
100.0,36,1046.42518
100.0,9,1046.577607
100.0,56,1047.500269
100.0,20,1047.833079
100.0,31,1048.33507
100.0,32,1048.842787
100.0,33,1049.381007
100.0,48,1050.150947
100.0,47,1050.907924
100.0,5,1050.994087
100.0,25,1051.396384
100.0,37,1051.98854
100.0,28,1052.456418
100.0,51,1053.279858
100.0,15,1053.524466
100.0,6,1053.626404
100.0,23,1053.992929
100.0,6,1054.096358
100.0,27,1054.533434
100.0,56,1055.418935
100.0,26,1055.838655
100.0,66,1058.427532
100.0,35,1059.035269
100.0,18,1059.336627
100.0,14,1059.596015
100.0,43,1060.32813
100.0,41,1060.980597
100.0,50,1061.775951
100.0,36,1062.367774
100.0,11,1062.548124
-100.0,14,1062.792792
100.0,23,1063.16516
100.0,19,1063.481217
-100.0,28,1063.935194
100.0,43,1064.613673
100.0,38,1065.219327
100.0,28,1065.676087
100.0,48,1066.43921
100.0,16,1066.694154
100.0,23,1067.062411
100.0,13,1067.271705
100.0,30,1067.747763
100.0,50,1068.571076
100.0,19,1068.878486
100.0,7,1068.994107
100.0,19,1069.298945
100.0,30,1069.789974
100.0,37,1070.381744
100.0,11,1070.560663
100.0,20,1070.889923
100.0,37,1071.498651
100.0,19,1071.817947
100.0,24,1072.218387
100.0,17,1072.496784
100.0,18,1072.794317
100.0,19,1073.111186
-100.0,21,1073.46466
100.0,15,1073.71997
100.0,24,1074.11623
100.0,17,1074.391952
-100.0,24,1074.783128
100.0,24,1075.180915
100.0,26,1075.598077
100.0,41,1076.251068
100.0,15,1076.499355
100.0,21,1076.836886
100.0,37,1077.422968
100.0,2,1077.465004
100.0,16,1077.722162
100.0,12,1077.92451
100.0,11,1078.105134
100.0,25,1078.501605
100.0,22,1078.855662
100.0,48,1079.61418
100.0,20,1079.949196
100.0,36,1080.530442
100.0,47,1081.284026
100.0,20,1081.607482
100.0,39,1082.229337
100.0,48,1082.994586
100.0,52,1083.815682
100.0,8,1083.949376
100.0,30,1084.436401
100.0,43,1085.130625
100.0,32,1085.633751
100.0,49,1086.418338
100.0,34,1086.972237
100.0,30,1087.4489
100.0,41,1088.098765
100.0,17,1088.374206
100.0,13,1088.583932
100.0,43,1089.279119
100.0,26,1089.701191
100.0,23,1090.072168
100.0,56,1090.959581
100.0,12,1092.576049
100.0,50,1093.414347
100.0,43,1094.103834
100.0,40,1094.737694
100.0,45,1095.453717
100.0,41,1096.103443
100.0,39,1096.719786
100.0,13,1096.928986
100.0,41,1097.584148
100.0,66,1098.645633
100.0,41,1099.306805
100.0,33,1099.831754
100.0,19,1100.137968
100.0,48,1100.896795
100.0,20,1101.222575
100.0,16,1101.486033
100.0,30,1101.969163
100.0,5,1102.053256
100.0,14,1102.285496
100.0,31,1102.785368
100.0,12,1102.978821
100.0,47,1103.725724
100.0,31,1104.227098
100.0,11,1104.406084
100.0,29,1104.874317
100.0,41,1105.524006
100.0,30,1106.001021
100.0,26,1106.427796
100.0,26,1106.840878
100.0,32,1107.372159
100.0,14,1107.610964
100.0,15,1107.860232
100.0,11,1108.038572
100.0,66,1109.103461
100.0,12,1109.298188
100.0,24,1109.675377
100.0,10,1109.840352
100.0,54,1110.688925
100.0,9,1110.834638
100.0,32,1111.350387
100.0,24,1111.736689
100.0,31,1112.231035
100.0,24,1112.616761
100.0,20,1112.943728
100.0,7,1113.059957
100.0,23,1113.432635
100.0,47,1114.184406
100.0,2,1114.223539
100.0,46,1114.988477
100.0,18,1115.280906
100.0,50,1116.093802
100.0,4,1116.16454
100.0,21,1116.513571
100.0,21,1116.864358
100.0,34,1117.440085
100.0,23,1117.822032
100.0,34,1118.374089
100.0,19,1118.705754
100.0,38,1119.324521
100.0,26,1119.760098
100.0,20,1120.087438
100.0,14,1120.314023
100.0,18,1120.605896
100.0,47,1121.351788
100.0,15,1121.593576
100.0,5,1121.679257
100.0,28,1122.123589
100.0,26,1122.538658
100.0,15,1122.780033
100.0,37,1123.392323
100.0,24,1123.791433
100.0,44,1124.49396
100.0,44,1125.186431
100.0,41,1127.228347
100.0,25,1127.639809
100.0,56,1128.534299
100.0,51,1129.355064
-100.0,26,1129.772768
100.0,23,1130.138236
100.0,18,1130.426095
100.0,29,1130.886571
100.0,3,1130.942646
100.0,21,1131.280377
100.0,32,1131.788768
100.0,43,1132.485752
100.0,37,1136.359908
100.0,22,1136.724851
100.0,58,1137.677861
100.0,26,1138.113573
100.0,21,1138.466446
100.0,13,1138.692415
-100.0,20,1139.029905
100.0,6,1139.131361
100.0,50,1139.963092
100.0,19,1140.294843
100.0,84,1141.655958
100.0,13,1141.867341
100.0,18,1142.163978
100.0,53,1143.019886
100.0,18,1143.31217
-100.0,7,1143.431926
100.0,31,1143.932718
100.0,23,1144.302805
100.0,6,1144.407784
100.0,23,1144.777378
-100.0,10,1144.945325
100.0,19,1145.253251
100.0,23,1145.626486
100.0,23,1146.003596
100.0,33,1146.551962
100.0,32,1147.081371
100.0,26,1147.505885
100.0,10,1147.669358
100.0,34,1148.22477
100.0,21,1148.573792
100.0,18,1148.885975
100.0,30,1149.381759
100.0,23,1149.753869
100.0,27,1150.194959
100.0,26,1150.618351
100.0,54,1151.490162
100.0,11,1151.673507
-100.0,32,1152.192067
100.0,35,1152.761148
100.0,40,1153.423203
100.0,51,1154.250818
-100.0,28,1154.742428
100.0,26,1155.204739
100.0,28,1155.665093
-100.0,28,1156.116921
100.0,39,1156.740497
100.0,20,1157.073844
100.0,43,1157.780772
100.0,16,1158.049143
100.0,25,1158.465225
100.0,22,1158.834664
100.0,19,1159.162917
100.0,15,1159.421046
100.0,21,1159.776712
100.0,25,1160.197843
100.0,28,1160.673367
100.0,29,1161.160591
100.0,50,1161.975024
100.0,10,1162.153794
100.0,25,1162.563055
100.0,34,1163.108592
100.0,28,1163.570107
100.0,34,1165.495523
100.0,27,1165.958841
100.0,13,1166.183532
100.0,12,1166.382206
100.0,39,1167.034632
100.0,19,1167.353549
100.0,17,1167.631858
100.0,12,1167.831754
100.0,26,1168.256569
100.0,35,1168.840776
100.0,44,1169.578739
100.0,34,1170.126654
100.0,29,1170.592177
100.0,47,1171.347702
100.0,33,1171.885958
100.0,81,1173.195087
100.0,55,1174.081985
100.0,28,1174.537533
100.0,20,1174.865253
100.0,4,1174.934895
100.0,42,1175.630599
100.0,22,1175.998345
100.0,28,1176.452462
100.0,13,1176.670593
100.0,20,1176.994741
100.0,40,1177.642619
100.0,21,1177.984343
100.0,23,1178.358216
100.0,17,1178.63535
100.0,32,1179.156513
100.0,19,1179.463032
100.0,48,1180.242916
100.0,24,1180.641023
100.0,26,1181.075657
100.0,30,1181.574999
100.0,26,1181.999768
100.0,40,1182.653294
100.0,15,1182.899593
100.0,34,1183.461154
100.0,17,1183.738971
100.0,14,1183.972395
100.0,20,1184.30617
100.0,25,1184.712973
-100.0,28,1185.164608
-100.0,9,1185.319968
100.0,21,1185.662035
100.0,24,1186.05248
100.0,18,1186.362603
100.0,32,1186.897469
100.0,15,1187.143332
-100.0,31,1187.677127
100.0,39,1188.316111
100.0,8,1188.44994
100.0,37,1189.049407
100.0,65,1190.092486
100.0,32,1190.614155
100.0,26,1191.036659
100.0,44,1191.744771
100.0,31,1192.260066
100.0,19,1192.578068
100.0,16,1192.852752
100.0,43,1193.544298
100.0,68,1194.638208
100.0,32,1195.161032
100.0,18,1195.462079
100.0,17,1195.756837
100.0,30,1196.242917
100.0,27,1196.682599
100.0,30,1197.175633
100.0,34,1197.727067
100.0,34,1198.282989
-100.0,31,1198.792785
100.0,26,1200.695967
100.0,35,1201.279777
100.0,40,1201.958074
100.0,47,1202.744661
100.0,20,1203.084873
100.0,6,1203.190169
100.0,6,1203.298282
100.0,19,1203.614361
100.0,8,1203.75452
100.0,36,1204.343089
100.0,29,1204.814976
100.0,47,1205.582035
100.0,14,1205.813044
-100.0,9,1205.964216
100.0,30,1206.447468
100.0,68,1207.569344
-100.0,13,1207.780802
100.0,46,1208.523869
100.0,16,1208.78526
100.0,30,1209.273783
100.0,29,1209.752449
100.0,17,1210.042542
100.0,17,1210.327544
-100.0,11,1210.513973
100.0,17,1210.797526
100.0,50,1211.601626
100.0,20,1211.926379
100.0,48,1212.712447
100.0,15,1212.959147
100.0,9,1213.11013
100.0,46,1213.851927
100.0,43,1214.579907
-100.0,6,1214.682031
100.0,29,1215.155435
100.0,34,1215.706113
100.0,31,1216.210644
100.0,42,1216.910975
100.0,34,1217.464773
100.0,6,1217.565825
100.0,33,1218.129297
100.0,36,1218.728115
100.0,53,1219.587206
100.0,3,1219.642266
100.0,14,1219.880935
100.0,38,1220.492479
100.0,1,1220.515611
100.0,44,1221.218161
100.0,35,1221.77479
100.0,36,1222.354332
-100.0,30,1222.845293
100.0,25,1223.247178
100.0,31,1223.755987
100.0,23,1224.136834
-100.0,25,1224.555653
100.0,18,1224.854859
100.0,1,1224.87788
100.0,15,1225.123721
100.0,4,1225.193802
100.0,37,1225.791852
100.0,35,1226.373988
100.0,56,1227.27698
100.0,18,1227.571459
100.0,29,1228.041607
100.0,22,1228.398589
100.0,50,1229.204816
100.0,30,1229.709881
100.0,55,1230.615162
100.0,20,1230.947769
100.0,63,1231.960936
100.0,20,1232.291241
100.0,20,1232.617346
100.0,25,1233.026803
100.0,9,1233.177028
100.0,25,1233.594823
100.0,26,1235.372231
100.0,17,1235.674195
100.0,46,1236.449013
100.0,38,1237.075568
100.0,10,1237.244928
100.0,31,1237.748365
100.0,34,1238.310433
100.0,19,1238.637422
100.0,23,1239.019508
100.0,36,1239.614001
100.0,10,1239.780379
100.0,34,1240.338553
100.0,23,1240.718508
100.0,4,1240.792144
100.0,29,1241.273481
100.0,2,1241.313559
100.0,25,1241.738597
100.0,18,1242.038159
100.0,53,1242.907378
100.0,37,1243.505498
100.0,60,1244.484758
100.0,51,1245.326034
100.0,9,1245.4767
100.0,30,1245.9667
100.0,6,1246.070717
100.0,5,1246.158206
100.0,16,1246.428221
100.0,5,1246.517282
100.0,52,1247.362019
100.0,22,1247.721467
100.0,25,1248.128129
100.0,8,1248.26435
100.0,41,1248.931928
100.0,41,1249.606415
100.0,10,1249.773442
100.0,26,1250.194888
100.0,17,1250.476648
100.0,15,1250.722488
100.0,32,1251.239835
100.0,16,1251.502541
100.0,52,1252.361946
100.0,17,1252.651824
100.0,48,1253.482522
100.0,31,1254.012413
100.0,6,1254.117388
100.0,21,1254.481076
100.0,57,1255.460366
100.0,25,1255.88906
100.0,21,1256.25329
100.0,36,1256.870637
100.0,18,1257.183486
100.0,34,1257.741949
100.0,45,1258.489354
100.0,19,1258.807844
100.0,42,1259.485819
100.0,17,1259.763477
100.0,39,1260.397501
100.0,16,1260.65827
100.0,54,1261.56584
-100.0,22,1261.930381
100.0,17,1262.212008
100.0,63,1263.22793
100.0,53,1264.084568
100.0,17,1264.363649
100.0,28,1264.816042
100.0,12,1265.016944
100.0,42,1265.694527
100.0,26,1266.126649
100.0,19,1266.453161
100.0,25,1266.866029
100.0,30,1267.351027
100.0,46,1268.105677
100.0,8,1268.247285
100.0,28,1268.728479
100.0,12,1268.931734
100.0,53,1271.181275
100.0,12,1271.381099
100.0,33,1271.919153
-100.0,31,1272.419141
100.0,37,1273.018659
100.0,31,1273.532294
100.0,28,1274.001524
100.0,42,1274.690071
100.0,24,1275.084017
100.0,22,1275.448791
100.0,26,1275.867508
-100.0,24,1276.261786
100.0,29,1276.726914
100.0,15,1276.980954
100.0,45,1277.755762
100.0,56,1278.680127
-100.0,33,1279.219312
100.0,42,1279.894816
100.0,15,1280.153026
-100.0,7,1280.274421
100.0,50,1281.107116
100.0,14,1281.338582
100.0,13,1281.552222
100.0,35,1282.113383
100.0,41,1282.77308
100.0,21,1283.116123
100.0,46,1283.854529
100.0,46,1284.599957
100.0,33,1285.171636
100.0,35,1285.754352
100.0,41,1286.420404
100.0,5,1286.507143
100.0,16,1286.773324
100.0,56,1287.686612
100.0,27,1288.121853
100.0,21,1288.464587
100.0,14,1288.691044
100.0,54,1289.586735
0.0,100,1291.259359
100.0,25,1291.664493
100.0,34,1292.222715
100.0,14,1292.457854
100.0,37,1293.06058
-100.0,28,1293.518705
100.0,38,1294.136163
100.0,33,1294.667035
100.0,9,1294.822687
100.0,54,1295.701198
100.0,1,1295.72556
100.0,58,1296.693917
100.0,19,1297.005232
100.0,38,1297.639058
100.0,48,1298.449579
100.0,24,1298.871215
100.0,8,1299.009556
100.0,17,1299.296241
100.0,40,1299.977954
100.0,17,1300.275439
100.0,53,1301.165922
100.0,14,1301.403363
100.0,36,1302.003659
100.0,27,1302.456764
100.0,45,1303.199494
-100.0,30,1303.694032
100.0,33,1304.237563
100.0,9,1304.392538
100.0,8,1304.527036
100.0,44,1306.673874
100.0,28,1307.150247
100.0,72,1310.389831
100.0,8,1310.539169
100.0,16,1310.828869
100.0,7,1310.954152
100.0,23,1311.357761
100.0,16,1311.62693
100.0,23,1312.016902
100.0,26,1312.456786
100.0,48,1313.255266
100.0,26,1313.693501
100.0,19,1314.017807
100.0,52,1314.880638
100.0,18,1315.18547
100.0,49,1316.004277
100.0,39,1316.661714
100.0,23,1317.062693
100.0,43,1317.789652
100.0,21,1318.150359
100.0,64,1319.234006
100.0,8,1319.377611
100.0,39,1320.033153
100.0,31,1320.578707
100.0,42,1321.316316
100.0,20,1321.653473
100.0,26,1322.088565
-100.0,20,1322.426765
100.0,20,1322.789152
100.0,6,1322.904873
100.0,26,1323.365829
100.0,39,1324.019427
100.0,5,1324.110797
100.0,19,1324.429843
100.0,32,1324.959907
100.0,21,1325.320341
-100.0,40,1325.995774
100.0,24,1326.41004
100.0,35,1327.009092
100.0,17,1327.307488
100.0,29,1327.792941
100.0,42,1328.501334
100.0,46,1329.287369
100.0,63,1330.333473
100.0,18,1330.638399
100.0,8,1330.776635
100.0,11,1330.96869
100.0,35,1331.559059
100.0,2,1331.598643
100.0,44,1332.330736
100.0,17,1332.620806
100.0,19,1332.937454
100.0,5,1333.025628
100.0,36,1333.619382
100.0,37,1334.247878
100.0,37,1334.883722
100.0,52,1335.855788
100.0,36,1336.477792
100.0,42,1337.205966
100.0,34,1337.808967
100.0,15,1338.067685
100.0,41,1338.791374
100.0,34,1339.366186
100.0,50,1340.199715
-100.0,18,1340.504065
100.0,31,1341.014868
100.0,19,1341.331968
100.0,2,1341.372024
100.0,24,1341.772591
100.0,35,1342.362261
100.0,42,1344.493943
100.0,20,1344.865019
100.0,26,1345.307392
100.0,31,1345.822335
100.0,30,1346.325106
100.0,27,1346.783185
100.0,32,1347.337567
100.0,24,1347.738106
100.0,11,1347.931106
100.0,42,1348.648611
100.0,15,1348.907501
-100.0,15,1349.162932
100.0,13,1349.387635
100.0,19,1349.708113
100.0,17,1349.997274
100.0,41,1350.683606
100.0,24,1351.096741
100.0,14,1351.332173
100.0,46,1352.107837
-100.0,25,1352.534776
100.0,65,1353.631811
100.0,22,1354.005155
100.0,35,1354.587943
100.0,45,1355.328126
100.0,21,1355.684975
100.0,55,1356.619956
100.0,8,1356.7566
-100.0,29,1357.23392
100.0,22,1357.604146
100.0,63,1358.658684
100.0,1,1358.684114
100.0,48,1359.476108
100.0,36,1360.062368
100.0,35,1360.64189
100.0,5,1360.730127
100.0,55,1361.633685
100.0,7,1361.753998
100.0,36,1362.347432
100.0,40,1363.026325
100.0,42,1363.719048
100.0,35,1364.296798
-100.0,23,1364.684202
100.0,28,1365.145766
100.0,35,1365.718875
100.0,15,1365.97034
100.0,61,1366.984718
-100.0,43,1367.724315
100.0,31,1368.237564
100.0,40,1368.89274
100.0,20,1369.235906
100.0,39,1369.897116
100.0,3,1369.95853
-100.0,6,1370.064886
100.0,40,1370.725877
100.0,7,1370.84897
100.0,38,1371.497216
100.0,32,1372.042857
100.0,7,1372.170701
-100.0,8,1372.313087
100.0,19,1372.656874
100.0,20,1373.020336
100.0,20,1373.380788
100.0,50,1374.225686
100.0,31,1374.762421
100.0,34,1375.330855
100.0,34,1375.896276
100.0,25,1376.328816
100.0,49,1377.144881
100.0,20,1377.478377
100.0,27,1377.923911
100.0,45,1378.678603
100.0,19,1380.37063
100.0,27,1380.845997
100.0,12,1381.055932
100.0,34,1381.635482
100.0,16,1381.916765
100.0,9,1382.072274
100.0,7,1382.196446
100.0,20,1382.533947
100.0,7,1382.651963
100.0,13,1382.87621
100.0,4,1382.950459
100.0,42,1383.679612
100.0,34,1384.25943
100.0,5,1384.349506
100.0,47,1385.164503
-100.0,20,1385.50356
100.0,42,1386.206505
100.0,26,1386.659435
100.0,49,1387.501295
100.0,41,1388.179253
100.0,17,1388.460062
100.0,7,1388.579875
100.0,9,1388.738033
100.0,47,1389.510388
100.0,10,1389.68035
100.0,29,1390.167321
100.0,6,1390.272026
100.0,20,1390.613454
-100.0,16,1390.883447
100.0,19,1391.213312
100.0,40,1391.876388
100.0,78,1393.183592
100.0,42,1393.887316
100.0,35,1394.478509
100.0,22,1394.850609
100.0,10,1395.025457
100.0,30,1395.534445
100.0,30,1396.045373
100.0,49,1396.898576
100.0,52,1397.780071
100.0,4,1397.860364
100.0,32,1398.39441
100.0,34,1398.961476
100.0,26,1399.401327
100.0,37,1400.013579
100.0,3,1400.069678
100.0,10,1400.239664
100.0,65,1401.324605
100.0,34,1401.900463
100.0,44,1402.643589
100.0,56,1403.611404
100.0,14,1403.854964
100.0,39,1404.524173
100.0,25,1404.961491
100.0,19,1405.293911
100.0,18,1405.62199
100.0,40,1406.303427
100.0,26,1406.763066
100.0,14,1407.001545
100.0,11,1407.18792
100.0,16,1407.459229
100.0,13,1407.675557
100.0,25,1408.087137
100.0,39,1408.732295
100.0,40,1409.38829
100.0,32,1409.923971
100.0,51,1410.759309
100.0,21,1411.112264
100.0,52,1411.993039
100.0,13,1412.210958
100.0,65,1413.274835
100.0,43,1413.984306
100.0,41,1414.691625
100.0,61,1417.120111
100.0,64,1418.213918
100.0,45,1418.967015
100.0,12,1419.173599
100.0,21,1419.525823
100.0,44,1420.263183
100.0,32,1420.798844
100.0,41,1421.487738
100.0,18,1421.803183
100.0,32,1422.357953
100.0,29,1422.85243
100.0,9,1423.006226
100.0,33,1423.557976
100.0,52,1424.449493
100.0,49,1425.275962
100.0,40,1425.937271
100.0,33,1426.485385
100.0,7,1426.61426
100.0,11,1426.802583
100.0,21,1427.160892
100.0,94,1428.69905
100.0,18,1429.00082
100.0,12,1429.203772
100.0,13,1429.42433
100.0,36,1430.022772
100.0,64,1431.078409
100.0,26,1431.508588
100.0,38,1432.133623
100.0,47,1432.913893
100.0,23,1433.308178
100.0,48,1434.104425
100.0,12,1434.309984
100.0,14,1434.547654
100.0,1,1434.577705
100.0,22,1434.951146
100.0,15,1435.217989
100.0,10,1435.388046
100.0,19,1435.709142
100.0,18,1436.021384
100.0,28,1436.505892
100.0,32,1437.044851
100.0,43,1437.754358
100.0,27,1438.211099
100.0,43,1438.926758
100.0,27,1439.374359
100.0,20,1439.708539
100.0,4,1439.779161
-100.0,38,1440.41064
100.0,26,1440.839773
100.0,39,1441.4899
-100.0,12,1441.7191
100.0,12,1441.930997
100.0,37,1442.546496
100.0,72,1443.777547
100.0,26,1444.248726
100.0,12,1444.455484
100.0,42,1445.174602
-100.0,2,1445.214872
100.0,32,1445.790587
100.0,10,1445.965681
100.0,53,1446.836714
100.0,58,1447.78833
100.0,41,1448.495032
100.0,42,1449.190741
100.0,26,1449.620859
100.0,12,1449.826494
100.0,51,1450.664323
100.0,51,1452.93499
100.0,31,1453.452265
100.0,4,1453.524551
-100.0,4,1453.597829
100.0,16,1453.866566
100.0,29,1454.34816
100.0,47,1455.120796
100.0,16,1455.39061
100.0,23,1455.77066
100.0,41,1456.4548
100.0,7,1456.575695
100.0,43,1457.292102
100.0,15,1457.543714
100.0,28,1458.02623
100.0,18,1458.333785
100.0,27,1458.78478
100.0,11,1458.967932
100.0,36,1459.563205
100.0,20,1459.901706
100.0,37,1460.507782
100.0,18,1460.80773
100.0,28,1461.281702
100.0,32,1461.825061
100.0,25,1462.238687
100.0,15,1462.485842
100.0,22,1462.855514
100.0,7,1462.978374
100.0,19,1463.298795
100.0,33,1463.854234
100.0,32,1464.397033
100.0,19,1464.728507
100.0,49,1465.531403
100.0,17,1465.812879
100.0,24,1466.20959
100.0,36,1466.807794
100.0,43,1467.519541
100.0,34,1468.077985
100.0,18,1468.377706
100.0,41,1469.049026
100.0,19,1469.364775
100.0,76,1470.61341
100.0,20,1470.951807
100.0,23,1471.338535
100.0,23,1471.720443
100.0,20,1472.050472
100.0,31,1472.564602
100.0,19,1472.887357
100.0,15,1473.140084
100.0,3,1473.196635
100.0,9,1473.351508
100.0,13,1473.57024
100.0,10,1473.738022
100.0,3,1473.793163
100.0,20,1474.132688
100.0,16,1474.3964
100.0,38,1475.020185
100.0,32,1475.550389
100.0,11,1475.734069
100.0,28,1476.201406
100.0,12,1476.40166
100.0,49,1477.222925
100.0,34,1477.789262
100.0,24,1478.194308
100.0,34,1478.76244
-100.0,10,1478.928249
100.0,2,1478.967736
100.0,24,1479.37164
100.0,36,1479.964943
100.0,27,1480.408922
100.0,26,1480.842728
100.0,25,1481.266265
100.0,5,1481.356357
100.0,50,1482.190791
100.0,30,1482.684909
100.0,28,1483.146885
100.0,19,1483.46863
100.0,11,1483.655909
-100.0,16,1483.9191
100.0,37,1484.525293
100.0,32,1486.888576
100.0,1,1486.912189
100.0,74,1488.213825
100.0,1,1488.238794
100.0,19,1490.090823
100.0,36,1490.753377
100.0,37,1491.416379
100.0,24,1491.819996
100.0,28,1492.298487
100.0,40,1492.968516
100.0,26,1493.407589
100.0,53,1494.293072
100.0,10,1494.467869
100.0,15,1494.726825
100.0,22,1495.09742
100.0,7,1495.22426
100.0,36,1495.858144
100.0,9,1496.025069
100.0,1,1496.051595
100.0,11,1496.244419
100.0,22,1496.614907
100.0,29,1497.101124
100.0,29,1497.5947
100.0,44,1498.339864
100.0,23,1498.730554
100.0,41,1499.424144
100.0,69,1500.578671
100.0,54,1501.491735
100.0,42,1502.201394
100.0,44,1502.94748
100.0,32,1503.482433
100.0,46,1504.251952
100.0,9,1504.408419
100.0,42,1505.11575
100.0,27,1505.569677
100.0,28,1506.043618
100.0,18,1506.35001
100.0,5,1506.43888
100.0,53,1507.32761
100.0,17,1507.625575
100.0,34,1508.198475
100.0,97,1509.880488
-100.0,18,1510.192541
100.0,16,1510.464633
100.0,49,1511.289761
100.0,18,1511.597823
100.0,25,1512.025856
100.0,26,1512.487301
100.0,40,1513.161293
100.0,1,1513.185313
100.0,27,1513.652706
100.0,31,1514.189851
100.0,21,1514.550289
100.0,29,1515.047011
100.0,4,1515.121791
100.0,19,1515.451477
100.0,24,1515.854762
100.0,53,1516.74064
100.0,12,1516.944654
100.0,26,1517.384255
100.0,18,1517.704194
100.0,20,1518.040292
100.0,32,1518.583918
100.0,36,1519.196833
100.0,44,1519.931979
100.0,15,1520.186313
100.0,22,1520.565397
100.0,12,1520.77374
100.0,13,1520.997008
100.0,20,1521.348119
100.0,26,1521.801529
-100.0,13,1522.036529
100.0,20,1522.380518
100.0,43,1523.099467
100.0,27,1523.5622
100.0,33,1524.116299
100.0,24,1524.520381
100.0,19,1524.838161
100.0,51,1527.100669
100.0,27,1527.555139
100.0,37,1528.174677
100.0,21,1528.533126
-100.0,9,1528.688739
100.0,21,1529.045478
100.0,49,1529.86481
100.0,9,1530.02137
100.0,21,1530.373547
100.0,28,1530.852189
100.0,28,1531.349762
100.0,30,1531.854352
100.0,38,1532.520225
100.0,18,1532.856053
-100.0,14,1533.107139
100.0,48,1533.940554
100.0,15,1534.210627
100.0,14,1534.457905
100.0,17,1534.753213
100.0,36,1535.360644
100.0,45,1536.117758
100.0,23,1536.515665
100.0,28,1536.990165
100.0,21,1537.360578
100.0,1,1537.385172
100.0,26,1537.839551
100.0,5,1537.934755
100.0,39,1538.587233
100.0,23,1538.973122
100.0,31,1539.489347
100.0,21,1539.838125
100.0,25,1540.262557
100.0,23,1540.65127
100.0,37,1541.274866
100.0,26,1541.711025
100.0,36,1542.33311
100.0,25,1542.754136
100.0,29,1543.244242
100.0,38,1543.886252
-100.0,21,1544.260766
100.0,31,1544.784183
100.0,28,1545.26037
100.0,39,1545.91336
100.0,10,1546.087535
-100.0,26,1546.545371
100.0,32,1547.105863
100.0,23,1547.498146
100.0,26,1547.951182
100.0,11,1548.174032
100.0,17,1548.467872
100.0,24,1548.879182
100.0,22,1549.249684
100.0,9,1549.407845
100.0,22,1549.783862
100.0,46,1550.554305
100.0,17,1550.840128
100.0,6,1550.947362
100.0,46,1551.725559
100.0,19,1552.059511
100.0,13,1552.28132
100.0,19,1552.604925
100.0,31,1553.137593
100.0,22,1553.526562
100.0,33,1554.077318
100.0,40,1554.7565
100.0,56,1555.69762
100.0,39,1556.350567
100.0,14,1556.591458
100.0,34,1557.187827
100.0,39,1557.849719
100.0,28,1558.31483
100.0,12,1558.524827
100.0,11,1558.726489
100.0,15,1558.982934
100.0,36,1559.586488
100.0,51,1560.441781
100.0,20,1560.779147
100.0,3,1560.837781
100.0,70,1563.404386
-100.0,10,1563.574801
100.0,24,1563.98106
100.0,20,1564.319471
100.0,18,1564.624411
100.0,51,1565.47244
100.0,23,1565.866205
100.0,50,1566.701532
100.0,4,1566.777109
100.0,21,1567.12747
100.0,16,1567.400602
100.0,17,1567.686417
-100.0,46,1568.467995
100.0,1,1568.493033
100.0,36,1569.10388
100.0,16,1569.399134
100.0,42,1570.112459
100.0,23,1570.52675
100.0,35,1571.121406
100.0,38,1571.753222
100.0,12,1571.964286
100.0,13,1572.186975
100.0,66,1573.282629
100.0,30,1573.802507
100.0,53,1574.720379
100.0,48,1575.526002
100.0,19,1575.849793
100.0,13,1576.071091
100.0,17,1576.362154
100.0,13,1576.58199
100.0,27,1577.037238
100.0,37,1577.666962
100.0,13,1577.887795
100.0,28,1578.366967
100.0,16,1578.645879
100.0,44,1579.380534
-100.0,26,1579.815438
100.0,51,1580.67379
100.0,23,1581.05872
100.0,56,1581.993572
100.0,14,1582.232857
100.0,25,1582.657206
100.0,21,1583.01642
100.0,63,1584.079556
100.0,30,1584.598665
100.0,45,1585.380446
100.0,19,1585.721425
100.0,48,1586.558752
100.0,25,1586.995459
100.0,28,1587.514204
100.0,27,1587.97971
100.0,21,1588.348752
100.0,14,1588.601825
100.0,56,1589.565734
100.0,23,1589.963906
100.0,12,1590.174326
100.0,47,1590.981313
100.0,6,1591.087289
-100.0,36,1591.693509
100.0,24,1592.100279
100.0,12,1592.307229
100.0,36,1592.947147
-100.0,7,1593.068835
100.0,1,1593.09115
100.0,29,1593.590317
100.0,23,1593.976856
100.0,25,1594.395848
100.0,31,1594.920912
100.0,34,1595.491069
100.0,17,1595.778633
100.0,3,1595.834747
100.0,49,1596.666598
100.0,23,1597.060855
100.0,48,1599.250963
100.0,64,1600.331451
100.0,35,1600.925316
100.0,25,1601.342502
100.0,4,1601.416654
100.0,22,1601.787164
100.0,14,1602.024665
100.0,13,1602.253488
100.0,20,1602.592718
100.0,18,1602.899536
100.0,27,1603.354523
100.0,22,1603.730979
100.0,81,1605.07436
100.0,22,1605.445802
100.0,38,1606.087363
100.0,11,1606.273637
100.0,39,1606.938051
100.0,16,1607.212427
100.0,20,1607.551425
100.0,24,1607.953619
100.0,30,1608.465029
100.0,13,1608.690405
100.0,22,1609.065463
100.0,6,1609.170094
100.0,6,1609.278217
100.0,15,1609.531018
100.0,9,1609.690374
100.0,24,1610.094193
100.0,38,1610.737486
100.0,12,1610.943981
100.0,30,1611.451142
-100.0,23,1611.842854
100.0,26,1612.299466
100.0,18,1612.604626
100.0,29,1613.094885
100.0,18,1613.4084
100.0,1,1613.431939
100.0,16,1613.702389
100.0,9,1613.858891
100.0,5,1613.946482
100.0,51,1614.816914
100.0,13,1615.043164
100.0,15,1615.301614
100.0,41,1616.022089
100.0,26,1616.485847
100.0,32,1617.029166
100.0,30,1617.536147
100.0,35,1618.150244
-100.0,39,1618.846753
100.0,27,1619.309882
100.0,26,1619.765101
100.0,41,1620.49338
100.0,42,1621.216698
100.0,20,1621.559336
100.0,24,1621.971186
100.0,17,1622.269862
100.0,64,1623.334566
100.0,34,1623.914203
100.0,32,1624.453105
100.0,20,1624.789171
100.0,34,1625.369124
-100.0,70,1626.584123
100.0,21,1626.976149
100.0,34,1627.554425
100.0,18,1627.861204
100.0,19,1628.18563
100.0,23,1628.585001
100.0,35,1629.174727
100.0,7,1629.299222
100.0,11,1629.487978
100.0,45,1630.239253
100.0,22,1630.613142
100.0,15,1630.86683
100.0,16,1631.145652
100.0,21,1631.49934
100.0,20,1631.838245
100.0,19,1632.160948
100.0,44,1632.898178
100.0,10,1633.071376
100.0,37,1633.716553
100.0,3,1633.77644
100.0,18,1635.681014
100.0,41,1636.455225
100.0,45,1637.241755
100.0,40,1637.943812
100.0,36,1638.550314
100.0,5,1638.643935
100.0,15,1638.910563
100.0,66,1640.01136
100.0,18,1640.323228
100.0,23,1640.711796
100.0,30,1641.233053
100.0,32,1641.780199
100.0,13,1642.006297
100.0,16,1642.276507
100.0,18,1642.584091
100.0,15,1642.83777
-100.0,13,1643.066382
100.0,54,1643.970767
100.0,33,1644.531279
100.0,21,1644.898581
100.0,18,1645.226197
100.0,23,1645.613743
100.0,34,1646.196258
100.0,21,1646.565687
100.0,20,1646.902827
100.0,37,1647.546937
100.0,52,1648.437648
100.0,11,1648.630841
100.0,21,1648.989894
100.0,81,1650.370092
100.0,14,1650.620465
100.0,43,1651.363149
100.0,12,1651.572702
100.0,57,1652.562557
100.0,31,1653.084731
100.0,18,1653.391131
100.0,36,1653.998119
100.0,48,1654.801383
100.0,19,1655.122185
100.0,31,1655.6469
100.0,13,1655.870986
100.0,24,1656.284413
100.0,27,1656.763319
100.0,29,1657.252234
100.0,9,1657.413266
100.0,30,1657.929554
100.0,33,1658.488955
100.0,34,1659.06274
100.0,32,1659.606289
100.0,50,1660.444478
100.0,25,1660.864432
100.0,25,1661.286582
100.0,51,1662.138218
100.0,11,1662.326668
100.0,32,1662.866109
100.0,8,1663.011707
100.0,72,1664.212525
100.0,27,1664.675826
100.0,33,1667.525547
100.0,34,1668.105027
100.0,41,1668.802231
100.0,1,1668.825794
100.0,4,1668.8998
100.0,14,1669.149043
100.0,57,1670.138662
100.0,40,1670.823758
100.0,29,1671.335612
100.0,17,1671.640183
100.0,32,1672.206353
100.0,39,1672.903919
