#{"t_start": 1749581650.8957524, "env_id": "None"}
r,l,t-0.0,200,152.789922
0.0,200,156.232404
-100.0,40,157.089533
0.0,200,161.015157
-100.0,76,162.518758
-100.0,130,319.598536
100.0,150,322.916695
-100.0,183,325.814975
100.0,176,328.564012
100.0,143,330.813387
0.0,200,487.39792
0.0,200,491.239192
0.0,200,494.346174
0.0,200,497.467613
100.0,37,498.046464
100.0,103,654.777073
0.0,200,659.274001
0.0,200,662.732288
100.0,22,663.088834
0.0,200,666.442727
100.0,32,828.547237
-100.0,47,829.622948
100.0,43,830.642097
100.0,36,831.474754
100.0,55,832.753491
100.0,5,994.538567
100.0,110,996.987504
100.0,18,997.425104
100.0,81,999.314973
100.0,80,1001.139877
100.0,89,1168.372983
100.0,131,1171.364573
100.0,44,1172.404733
100.0,30,1173.031734
100.0,1,1173.06393
-100.0,39,1341.005976
100.0,20,1341.455036
100.0,31,1342.174471
100.0,53,1343.360498
100.0,52,1344.537777
100.0,9,1513.839964
100.0,51,1514.679566
100.0,34,1515.213701
100.0,12,1515.405726
100.0,75,1516.958065
100.0,25,1690.135924
100.0,30,1690.776595
100.0,68,1692.380013
100.0,13,1692.64806
100.0,43,1693.491592
100.0,23,1867.277284
100.0,30,1867.900446
100.0,43,1868.854444
100.0,66,1870.31971
100.0,48,1871.402091
100.0,28,2047.926243
100.0,20,2048.373038
100.0,37,2049.141167
100.0,21,2049.655571
100.0,33,2050.398668
100.0,24,2229.979671
100.0,21,2230.308216
100.0,88,2232.17771
100.0,22,2232.66328
100.0,15,2233.027341
100.0,33,2414.569283
100.0,57,2415.811421
100.0,30,2416.505052
100.0,61,2417.893015
100.0,122,2420.641768
100.0,72,2605.952551
100.0,53,2607.187583
100.0,22,2607.694113
100.0,69,2609.233266
100.0,22,2609.765652
147.778256
0.0,200,164.380131
0.0,200,169.577659
0.0,200,172.974196
0.0,200,176.436713
100.0,193,179.648611
0.0,200,182.493124
0.0,200,185.198025
-100.0,5,185.293542
0.0,200,188.254025
0.0,200,190.961139
0.0,200,193.650436
0.0,200,196.345155
0.0,200,200.674608
0.0,200,203.350122
0.0,200,206.276016
0.0,200,208.97112
0.0,200,211.87073
0.0,200,214.563616
100.0,172,216.86614
0.0,200,219.76607
0.0,200,222.455971
100.0,93,223.704151
0.0,200,226.611076
100.0,197,230.697983
0.0,200,233.627545
0.0,200,236.515621
0.0,200,239.465048
0.0,200,242.169215
0.0,200,245.17353
100.0,52,245.917972
100.0,134,247.957494
0.0,200,250.976647
100.0,87,252.474308
0.0,200,255.482509
0.0,200,258.328112
0.0,200,262.929917
100.0,157,265.194925
0.0,200,267.98394
0.0,200,270.795559
100.0,61,271.639918
0.0,200,274.419691
100.0,104,275.877301
100.0,133,277.828138
-100.0,3,277.878654
-100.0,4,277.940168
0.0,200,280.866087
0.0,200,283.886766
-100.0,30,284.310461
0.0,200,287.125407
0.0,200,289.906708
-100.0,65,290.980007
100.0,78,293.809984
0.0,200,296.890543
100.0,92,298.291936
100.0,94,299.761174
100.0,177,302.514364
0.0,200,305.563035
100.0,77,306.731
-100.0,24,307.121893
0.0,200,310.225924
100.0,169,312.620048
0.0,200,315.423614
0.0,200,332.428059
100.0,101,333.858024
0.0,200,336.673301
100.0,114,339.757501
100.0,11,339.952538
0.0,200,342.871268
100.0,175,345.474434
100.0,95,346.837835
100.0,168,349.366869
100.0,11,349.523381
100.0,94,350.860646
100.0,1,350.880643
100.0,114,352.470252
100.0,139,354.422971
100.0,104,355.866323
-100.0,113,357.461781
100.0,94,358.7913
100.0,103,360.302112
100.0,118,362.11234
0.0,200,364.924957
0.0,200,367.709487
100.0,83,370.547136
0.0,200,373.398885
100.0,58,374.212833
-100.0,58,375.048915
0.0,200,378.093274
0.0,200,381.118945
-100.0,59,381.956007
100.0,106,383.448965
100.0,111,385.02501
100.0,140,386.988679
0.0,200,389.814195
0.0,200,392.597728
0.0,200,395.58428
0.0,200,398.373832
100.0,85,399.564494
100.0,35,401.497249
100.0,51,402.238093
0.0,200,405.079257
100.0,122,406.966341
100.0,129,408.989738
100.0,69,409.981722
100.0,113,411.556015
100.0,33,412.022591
100.0,107,413.626379
0.0,200,416.739377
100.0,88,418.138273
100.0,44,418.802887
100.0,28,419.216958
100.0,66,420.168605
0.0,200,423.32811
100.0,81,424.466293
100.0,77,425.547958
100.0,148,427.788196
0.0,200,430.583587
0.0,200,434.933609
100.0,96,436.272815
100.0,89,437.705119
100.0,16,437.97666
100.0,77,439.072814
100.0,77,440.168472
100.0,171,442.720882
100.0,96,444.09209
0.0,200,446.912778
100.0,188,449.568078
100.0,65,450.492271
100.0,44,451.198898
100.0,75,452.404225
0.0,200,455.218646
100.0,38,455.776887
100.0,82,456.910073
-100.0,26,457.28568
100.0,77,458.365829
100.0,83,459.529993
100.0,128,461.3864
100.0,79,462.503698
0.0,200,466.789518
100.0,64,467.819944
0.0,200,470.681237
100.0,136,472.586129
100.0,148,474.78239
0.0,200,477.596149
100.0,32,478.042208
100.0,77,479.129377
100.0,113,480.711395
0.0,200,498.520672
100.0,69,499.6014
-100.0,108,501.191167
100.0,184,504.156685
100.0,89,505.614572
0.0,200,508.539293
0.0,200,512.953546
100.0,130,514.787129
100.0,109,516.340374
100.0,42,516.975468
100.0,106,518.488222
100.0,69,519.4786
100.0,106,521.108025
-100.0,23,521.498099
100.0,60,522.363159
100.0,91,523.818457
0.0,200,526.678868
-100.0,16,526.91841
100.0,113,528.562746
0.0,200,531.438196
100.0,69,532.420943
100.0,125,534.2782
100.0,30,534.72033
0.0,200,537.763485
100.0,72,538.936376
100.0,91,540.324527
100.0,70,542.884043
100.0,31,543.322714
100.0,124,545.09759
100.0,119,546.974377
100.0,28,547.371437
100.0,117,549.023975
100.0,105,550.530687
100.0,54,551.370043
100.0,57,552.308969
100.0,24,552.689524
100.0,27,553.082584
100.0,47,553.751013
100.0,96,555.129933
0.0,200,558.216952
100.0,70,559.238693
100.0,19,559.509233
100.0,25,559.896564
100.0,64,560.832082
100.0,23,561.185564
100.0,72,562.230205
100.0,18,562.498584
100.0,60,563.364841
100.0,50,564.096936
100.0,47,564.846613
100.0,179,567.579401
100.0,58,568.567553
100.0,64,569.594022
100.0,137,571.562803
100.0,149,575.240431
100.0,24,575.619485
100.0,54,576.4021
100.0,133,578.322129
100.0,60,579.18647
-100.0,48,579.900334
100.0,104,581.448164
100.0,38,582.022249
100.0,137,583.990086
100.0,6,584.080602
100.0,67,585.036288
0.0,200,587.883969
100.0,123,589.843069
100.0,72,590.871046
100.0,61,591.757072
100.0,109,593.312595
100.0,58,594.16212
100.0,50,594.879629
100.0,150,597.248678
100.0,80,598.421703
-100.0,48,599.12524
100.0,71,600.150747
100.0,134,602.075291
100.0,27,602.460323
100.0,25,602.834345
100.0,35,603.376713
100.0,148,607.044393
0.0,200,609.901365
100.0,75,610.992635
100.0,89,612.301897
100.0,23,612.649884
0.0,200,615.521299
100.0,132,617.443691
100.0,76,618.545065
100.0,89,619.828565
100.0,167,622.200025
100.0,168,624.586784
100.0,68,625.55074
100.0,41,626.141389
100.0,67,627.164566
100.0,67,628.161757
100.0,53,628.938902
100.0,4,629.003901
100.0,70,630.003098
100.0,191,632.764184
100.0,96,634.133588
100.0,57,634.99872
100.0,66,637.400535
-100.0,14,637.625073
100.0,192,640.456534
100.0,116,642.117833
100.0,198,644.968699
100.0,42,645.57266
100.0,48,646.260781
100.0,129,648.138973
100.0,25,648.4981
100.0,56,649.307074
100.0,80,650.467213
100.0,124,652.25405
100.0,45,652.906142
100.0,98,667.988351
100.0,66,669.010354
100.0,55,669.79967
100.0,139,671.787198
-100.0,36,672.455396
100.0,49,673.22853
100.0,37,673.770482
100.0,36,674.305069
100.0,79,675.494997
100.0,63,676.547696
100.0,53,677.34439
100.0,54,678.126005
100.0,100,679.736502
100.0,82,680.914839
100.0,52,683.079185
0.0,200,686.260666
100.0,131,688.146532
100.0,56,688.98419
100.0,181,691.611849
100.0,59,692.49251
100.0,36,693.039623
100.0,100,694.550166
100.0,9,694.696682
100.0,144,696.79403
100.0,74,697.852783
100.0,59,698.691593
100.0,24,699.048579
100.0,87,700.392567
100.0,91,701.705271
100.0,52,702.457143
100.0,132,704.578422
-100.0,162,706.876957
100.0,27,707.258015
100.0,23,707.709073
100.0,82,709.006789
100.0,87,710.249474
100.0,137,712.216244
100.0,55,713.021952
100.0,42,715.105975
100.0,80,716.331358
-100.0,56,717.143993
100.0,26,717.521548
100.0,42,718.142287
100.0,14,718.347834
100.0,34,718.844768
100.0,43,719.481897
100.0,75,720.81974
100.0,12,721.008801
100.0,72,722.127092
100.0,58,723.120667
100.0,94,724.69873
100.0,113,726.617207
100.0,50,727.401379
100.0,34,728.011487
100.0,64,729.047607
100.0,58,729.95331
100.0,27,730.447422
100.0,104,731.994211
100.0,45,732.690837
100.0,79,733.825532
100.0,28,734.239621
100.0,52,734.987801
100.0,93,736.344558
100.0,42,736.977829
100.0,120,738.692692
100.0,32,739.167835
100.0,49,739.960987
100.0,48,740.7246
-100.0,65,741.720362
100.0,93,743.063169
100.0,43,743.690296
100.0,85,744.937564
100.0,66,745.876772
100.0,33,747.803203
100.0,72,748.858951
100.0,66,749.844365
100.0,137,751.885024
100.0,20,752.190573
100.0,89,753.487349
100.0,3,753.536353
100.0,50,754.276511
100.0,41,754.887183
100.0,8,755.008705
100.0,148,757.339528
100.0,60,758.372768
100.0,45,759.089424
100.0,82,760.415938
100.0,32,760.946519
100.0,90,762.471416
100.0,67,763.668169
100.0,24,764.046238
100.0,114,765.727597
100.0,33,766.21417
100.0,25,766.581239
100.0,40,767.18033
100.0,99,768.632295
100.0,110,770.448631
100.0,78,771.805461
100.0,70,772.861675
100.0,82,774.216893
100.0,14,774.431598
100.0,44,775.17874
100.0,28,775.656827
100.0,35,776.175927
100.0,43,776.806663
100.0,61,777.706579
100.0,37,778.258176
100.0,44,778.90177
100.0,98,781.85866
100.0,53,782.633024
100.0,34,783.140145
100.0,55,784.093309
100.0,118,786.024686
100.0,61,786.936341
100.0,61,787.939168
100.0,96,789.438093
100.0,120,791.194297
100.0,104,792.857189
100.0,76,794.018392
100.0,68,795.062399
100.0,29,795.529493
100.0,102,797.216006
100.0,95,798.634096
100.0,73,799.735436
100.0,61,800.638405
0.0,200,803.798885
100.0,23,804.216937
100.0,91,805.666194
100.0,173,808.184714
100.0,117,810.150499
100.0,42,810.794937
100.0,82,812.18616
100.0,21,812.51071
100.0,66,814.900609
100.0,68,815.905771
100.0,77,817.18466
100.0,91,818.732345
100.0,55,819.752199
100.0,12,819.947836
100.0,62,820.912668
100.0,106,822.632647
100.0,76,823.769992
100.0,75,824.976204
100.0,29,825.43715
100.0,27,825.860227
-100.0,18,826.145777
100.0,78,827.415529
100.0,27,827.824603
100.0,7,827.929123
100.0,63,833.778492
100.0,16,834.059538
100.0,81,835.248199
100.0,72,836.298581
100.0,53,837.088824
100.0,40,837.721042
100.0,36,838.243122
100.0,70,839.250821
100.0,68,840.238637
100.0,122,842.151597
100.0,69,843.299429
-100.0,2,843.334429
100.0,8,843.45994
100.0,46,844.144075
100.0,141,846.204789
100.0,115,848.042741
100.0,120,849.884299
100.0,88,852.565887
100.0,28,852.99842
100.0,99,854.506894
100.0,87,855.808206
100.0,110,857.744853
100.0,46,858.458447
100.0,30,858.90423
100.0,117,860.629416
100.0,88,861.919363
100.0,24,862.291425
100.0,83,863.521066
100.0,76,864.63193
100.0,73,865.726509
100.0,90,867.111999
100.0,34,867.620577
100.0,81,868.811496
100.0,130,870.72035
100.0,33,871.22693
100.0,39,871.915094
-100.0,47,872.653847
100.0,123,874.499219
100.0,38,875.05679
100.0,7,875.162304
100.0,34,875.660779
100.0,59,876.531414
100.0,137,878.537222
100.0,30,879.002803
100.0,53,879.831916
100.0,56,880.646007
100.0,88,881.912048
100.0,89,883.232379
100.0,20,884.955173
100.0,92,886.367185
100.0,42,887.043386
100.0,61,887.958586
100.0,62,888.899244
100.0,146,891.050164
100.0,70,892.134857
100.0,135,894.318413
100.0,40,894.935761
100.0,79,896.164494
100.0,101,897.775482
100.0,79,899.066377
100.0,31,899.568778
100.0,120,901.37746
100.0,39,902.007808
100.0,44,902.6649
100.0,33,903.138452
100.0,47,903.821002
100.0,71,904.861128
100.0,51,905.719025
100.0,67,906.80568
100.0,57,907.789314
100.0,92,909.182252
100.0,88,910.476353
100.0,82,911.657649
100.0,40,912.26947
100.0,82,913.623469
100.0,76,914.847272
100.0,54,915.663792
100.0,52,916.435926
100.0,74,919.054947
100.0,15,919.329491
100.0,59,920.338682
100.0,25,920.772763
100.0,69,921.972218
100.0,50,922.769555
100.0,52,923.530687
100.0,173,926.075957
100.0,128,928.171442
100.0,105,929.730029
100.0,47,930.420632
100.0,30,930.855364
100.0,44,931.508487
100.0,75,932.631846
100.0,43,933.271125
100.0,64,934.240259
100.0,52,935.058836
100.0,99,936.517359
100.0,12,936.698396
100.0,72,937.738687
100.0,108,939.538248
100.0,142,941.803044
100.0,73,942.930205
100.0,78,944.099218
100.0,57,945.087973
100.0,22,945.528548
100.0,67,946.519186
100.0,52,947.316288
100.0,64,948.288019
100.0,58,949.16233
100.0,104,952.307417
100.0,30,952.758132
100.0,44,953.398223
100.0,1,953.418738
100.0,72,954.458879
100.0,59,955.349437
100.0,35,955.869021
100.0,43,956.505229
100.0,77,957.776614
100.0,87,959.118313
100.0,85,960.390038
100.0,70,961.531247
100.0,104,963.164522
100.0,53,964.00667
100.0,36,964.613272
100.0,47,965.340901
100.0,31,965.789757
100.0,94,967.203403
100.0,56,968.049538
100.0,29,968.473593
100.0,55,969.275059
100.0,33,969.772357
100.0,38,970.335377
100.0,75,971.478509
100.0,36,972.035536
100.0,36,972.56811
100.0,69,973.564168
100.0,78,974.859568
100.0,62,975.953475
100.0,51,976.815146
100.0,22,977.257227
100.0,63,978.305026
100.0,39,979.022179
100.0,60,979.953812
100.0,15,980.214006
100.0,56,981.051795
100.0,70,982.194468
100.0,15,982.431026
100.0,21,982.810585
100.0,102,985.747068
-100.0,45,986.412184
100.0,36,986.939293
100.0,22,987.265844
100.0,106,988.940121
100.0,37,989.540421
100.0,31,990.16655
100.0,87,991.496934
100.0,85,992.83418
100.0,45,993.534359
100.0,43,994.188493
100.0,82,1002.285609
100.0,92,1003.853898
100.0,1,1003.876903
100.0,36,1004.495386
100.0,94,1005.983867
100.0,17,1006.265015
100.0,16,1006.516063
100.0,82,1007.755793
100.0,73,1008.865714
100.0,69,1009.937084
100.0,48,1010.672376
100.0,69,1011.76103
100.0,47,1012.475644
100.0,22,1012.943217
100.0,22,1013.286772
100.0,76,1014.509682
100.0,72,1015.747415
100.0,10,1015.907939
100.0,50,1016.672075
100.0,77,1017.924807
100.0,20,1018.236375
100.0,32,1018.801063
100.0,44,1019.585182
100.0,62,1020.638395
100.0,55,1021.716222
100.0,95,1023.255288
100.0,78,1024.475754
-100.0,41,1026.531721
100.0,84,1027.87419
100.0,50,1028.624439
100.0,118,1030.362386
100.0,49,1031.255511
100.0,91,1032.655289
100.0,32,1033.144783
100.0,62,1034.302245
100.0,28,1034.785827
100.0,41,1035.434029
-100.0,19,1035.72858
100.0,5,1035.816589
100.0,67,1036.850649
100.0,43,1037.557344
100.0,17,1037.883571
100.0,68,1039.075845
100.0,101,1040.571917
-100.0,50,1041.321853
100.0,73,1042.418476
100.0,25,1042.792342
100.0,51,1043.565204
100.0,26,1043.953
100.0,62,1044.901202
100.0,16,1045.144756
100.0,44,1045.801029
100.0,92,1047.166915
100.0,6,1047.259431
100.0,35,1047.798995
100.0,36,1048.347098
100.0,68,1049.38124
100.0,60,1050.355396
100.0,39,1051.182537
100.0,1,1051.214537
100.0,44,1052.151388
100.0,103,1053.799352
100.0,41,1054.553472
100.0,23,1054.942543
100.0,29,1055.486119
100.0,38,1056.056206
100.0,45,1056.7528
100.0,59,1057.645434
100.0,36,1058.339056
100.0,79,1061.029608
100.0,12,1061.229638
100.0,106,1062.829578
100.0,29,1063.273145
100.0,10,1063.424665
100.0,59,1064.460318
100.0,29,1064.944894
100.0,62,1065.890531
100.0,50,1066.633131
100.0,59,1067.524753
100.0,34,1068.03332
100.0,2,1068.071828
100.0,113,1069.780364
100.0,72,1070.904042
100.0,38,1071.479122
100.0,21,1071.825676
100.0,50,1072.574429
100.0,47,1073.288593
100.0,29,1073.733555
100.0,9,1073.927578
100.0,84,1075.3153
100.0,55,1076.133416
100.0,27,1076.542977
100.0,29,1076.977042
100.0,40,1077.588128
100.0,17,1077.85066
100.0,27,1078.269699
100.0,29,1078.721753
100.0,79,1079.911843
100.0,127,1082.052138
100.0,40,1082.6656
100.0,32,1083.267679
100.0,77,1084.470856
100.0,51,1085.237416
100.0,68,1086.275052
100.0,118,1088.260447
100.0,33,1088.799063
100.0,38,1089.436193
100.0,36,1090.022291
100.0,19,1090.320787
100.0,41,1090.981445
100.0,49,1091.756701
100.0,38,1092.459339
100.0,58,1094.844494
100.0,26,1095.243583
100.0,1,1095.264582
100.0,29,1095.79684
100.0,23,1096.211202
100.0,79,1097.506594
100.0,9,1097.649629
100.0,43,1098.2876
100.0,21,1098.612151
100.0,59,1099.51979
100.0,106,1101.101041
100.0,87,1102.425441
-100.0,34,1102.938029
100.0,54,1103.755576
100.0,76,1104.930097
100.0,62,1105.865102
100.0,22,1106.20733
100.0,34,1106.740927
100.0,17,1106.997475
100.0,23,1107.422109
100.0,42,1108.169246
100.0,31,1108.67312
100.0,21,1108.996678
100.0,59,1109.914437
100.0,62,1110.931627
100.0,86,1112.329891
100.0,27,1112.752476
100.0,49,1113.501085
100.0,52,1114.317227
100.0,43,1114.98393
100.0,56,1115.9066
100.0,18,1116.220013
100.0,40,1116.859643
100.0,72,1117.977505
-100.0,17,1118.231533
100.0,2,1118.268052
100.0,39,1118.856483
100.0,60,1119.778665
100.0,74,1120.893303
100.0,60,1121.869492
100.0,73,1123.187763
100.0,60,1124.114408
100.0,20,1124.412513
100.0,12,1124.60805
100.0,47,1125.316685
100.0,4,1125.381201
100.0,21,1125.714743
100.0,80,1128.347842
100.0,32,1128.952453
100.0,36,1129.516065
100.0,71,1130.603763
100.0,38,1131.181096
100.0,53,1131.986125
100.0,43,1132.626216
100.0,83,1133.880904
100.0,27,1134.280958
100.0,99,1135.744357
-100.0,6,1135.840882
100.0,72,1136.929561
100.0,63,1137.873729
100.0,61,1138.788377
-100.0,29,1139.231233
100.0,13,1139.433272
100.0,34,1139.950439
100.0,5,1140.045955
100.0,37,1140.60705
-100.0,31,1141.078772
100.0,37,1141.654752
-100.0,11,1141.82127
100.0,54,1142.65934
100.0,91,1144.019311
100.0,36,1144.560409
100.0,14,1144.784452
100.0,22,1145.127526
100.0,44,1145.818969
100.0,20,1146.126511
100.0,14,1146.345555
-100.0,36,1146.904056
100.0,70,1147.944264
100.0,90,1149.282482
100.0,24,1149.644844
100.0,15,1149.875221
100.0,31,1150.339275
100.0,87,1151.62574
100.0,42,1152.254448
100.0,75,1153.370095
100.0,103,1154.884409
-100.0,19,1155.174951
100.0,26,1155.565574
100.0,70,1156.603562
100.0,73,1157.697887
100.0,40,1158.296978
100.0,108,1161.401105
100.0,13,1161.667217
100.0,43,1162.366819
100.0,92,1163.873491
100.0,87,1165.219566
100.0,38,1165.794589
100.0,58,1173.314967
100.0,61,1174.226599
100.0,45,1174.948035
100.0,21,1175.28872
100.0,43,1175.952819
100.0,13,1176.150856
100.0,17,1176.412953
100.0,23,1176.759508
100.0,14,1176.977643
100.0,53,1177.797324
100.0,72,1178.893539
100.0,62,1179.83742
100.0,55,1180.729657
100.0,45,1181.441538
100.0,62,1182.389732
100.0,101,1184.019749
100.0,10,1184.228781
100.0,31,1184.742367
100.0,13,1185.008928
-100.0,61,1185.966104
100.0,73,1187.054836
100.0,58,1187.917767
100.0,13,1188.122802
100.0,54,1188.923528
100.0,38,1189.49824
100.0,53,1190.286942
100.0,29,1190.751578
100.0,53,1191.540706
100.0,16,1191.782258
100.0,65,1192.757924
100.0,41,1193.40353
100.0,42,1194.029316
100.0,66,1195.011479
100.0,52,1195.797606
100.0,103,1197.356154
100.0,71,1198.406687
100.0,24,1198.760248
-100.0,54,1201.014619
100.0,137,1203.160666
100.0,69,1204.219671
100.0,55,1205.040119
100.0,1,1205.062127
100.0,111,1206.715794
100.0,20,1207.038426
100.0,1,1207.063429
100.0,46,1207.801027
100.0,53,1208.684616
100.0,47,1209.505548
100.0,47,1210.253154
100.0,62,1211.199698
100.0,44,1211.863794
100.0,90,1213.432741
100.0,30,1213.887308
100.0,56,1214.842635
-100.0,36,1215.420645
100.0,28,1215.922669
100.0,52,1216.81247
100.0,51,1217.616629
100.0,98,1219.096945
100.0,24,1219.460497
100.0,19,1219.748046
100.0,98,1221.249941
100.0,110,1222.882625
100.0,65,1223.859312
100.0,95,1225.368636
100.0,52,1226.321806
100.0,74,1227.523254
100.0,19,1227.815795
100.0,93,1229.209896
100.0,65,1230.312231
100.0,80,1231.587567
100.0,18,1231.862611
100.0,51,1232.649748
100.0,14,1234.238716
100.0,13,1234.46575
100.0,51,1235.295063
100.0,44,1236.014675
100.0,39,1236.616502
100.0,3,1236.678616
100.0,57,1237.688598
100.0,68,1238.753765
100.0,11,1238.941344
100.0,17,1239.193902
100.0,88,1240.526672
100.0,21,1240.840775
100.0,65,1241.819647
100.0,40,1242.509863
100.0,41,1243.189659
100.0,82,1244.638726
100.0,28,1245.084863
100.0,12,1245.277161
100.0,23,1245.634217
100.0,54,1246.53086
100.0,24,1246.901958
100.0,49,1247.72163
100.0,38,1248.37677
100.0,17,1248.647317
100.0,91,1250.046825
100.0,77,1251.211319
100.0,105,1252.801857
-100.0,1,1252.822857
-100.0,48,1253.548785
100.0,16,1253.799331
100.0,52,1254.586253
100.0,24,1254.983321
100.0,18,1255.278362
100.0,24,1255.640392
100.0,59,1256.67176
100.0,87,1257.983041
100.0,19,1258.349611
100.0,60,1259.352774
100.0,44,1260.155791
100.0,21,1260.507867
100.0,69,1261.588438
100.0,40,1262.198494
100.0,21,1262.530045
100.0,19,1262.826257
100.0,101,1264.35197
100.0,69,1265.418553
100.0,10,1265.57407
100.0,103,1268.629352
100.0,46,1269.330992
100.0,43,1269.997612
100.0,79,1271.191807
100.0,24,1271.588482
100.0,42,1272.298686
100.0,50,1273.135931
100.0,35,1273.692051
100.0,30,1274.147394
-100.0,25,1274.542458
100.0,55,1275.461833
100.0,10,1275.627868
100.0,16,1275.878912
100.0,76,1277.22818
100.0,28,1277.691681
100.0,41,1278.324788
100.0,40,1278.935887
-100.0,17,1279.203307
100.0,102,1280.93672
100.0,90,1282.381687
-100.0,29,1282.851274
100.0,20,1283.295862
100.0,60,1284.268562
100.0,42,1284.942196
100.0,39,1285.664835
100.0,44,1286.42397
-100.0,49,1287.179269
100.0,21,1287.515326
100.0,63,1288.630691
100.0,89,1290.184472
100.0,121,1292.291626
100.0,39,1292.933751
100.0,49,1293.720906
100.0,93,1295.35026
100.0,43,1296.098391
100.0,30,1296.643688
100.0,63,1297.649701
100.0,84,1298.932248
100.0,59,1300.001954
100.0,22,1300.370398
100.0,34,1300.986523
100.0,37,1301.55963
100.0,21,1301.883183
100.0,46,1304.000073
100.0,28,1304.510655
100.0,65,1305.64537
100.0,34,1306.187495
100.0,15,1306.468881
-100.0,25,1306.976985
100.0,45,1307.740703
100.0,57,1308.671377
100.0,42,1309.337767
-100.0,50,1310.139926
100.0,36,1310.731698
100.0,17,1311.012918
100.0,75,1312.200135
100.0,35,1312.742715
100.0,82,1314.053472
100.0,18,1314.335022
-100.0,12,1314.523052
100.0,44,1315.355147
-100.0,38,1315.974251
100.0,1,1315.996255
100.0,33,1316.543913
100.0,59,1317.458153
100.0,44,1318.138771
100.0,87,1319.492555
100.0,67,1320.521543
100.0,36,1321.07213
100.0,52,1321.918776
100.0,49,1322.673395
100.0,24,1323.039472
100.0,58,1323.937125
100.0,19,1324.226684
100.0,12,1324.420722
100.0,36,1324.977318
100.0,44,1325.646477
100.0,31,1326.131083
-100.0,34,1326.669659
100.0,97,1328.214842
100.0,60,1329.141064
100.0,39,1329.740909
100.0,35,1330.348687
100.0,17,1330.640236
100.0,41,1331.37497
100.0,45,1332.172491
100.0,37,1332.786598
100.0,18,1333.072711
100.0,80,1334.31356
100.0,60,1335.234399
100.0,34,1335.782884
100.0,51,1336.608307
100.0,11,1336.778821
100.0,123,1340.220327
100.0,77,1345.693075
100.0,43,1346.361681
100.0,33,1346.882223
100.0,62,1347.858595
100.0,95,1349.326921
100.0,106,1350.96572
100.0,87,1352.368917
100.0,74,1353.515721
100.0,58,1354.410355
100.0,87,1355.859056
100.0,28,1356.367645
100.0,33,1356.881224
100.0,85,1358.218155
100.0,25,1358.603706
100.0,19,1358.95076
100.0,33,1359.530612
100.0,7,1359.645025
100.0,63,1360.826453
100.0,1,1360.848453
100.0,55,1361.735375
100.0,39,1362.342019
100.0,23,1362.704566
100.0,32,1363.205608
100.0,44,1363.908338
100.0,18,1364.188586
100.0,39,1364.792186
100.0,60,1365.699827
100.0,50,1366.488796
100.0,22,1366.860856
100.0,68,1367.973917
100.0,69,1369.032042
100.0,63,1370.139716
100.0,3,1370.191717
100.0,56,1371.085108
-100.0,41,1371.741131
100.0,29,1372.187186
100.0,24,1372.56825
100.0,58,1373.469548
-100.0,14,1373.684222
-100.0,59,1374.593856
100.0,36,1375.134993
100.0,59,1377.434069
100.0,15,1377.670981
100.0,19,1378.009531
100.0,74,1379.306849
100.0,23,1379.659905
100.0,68,1380.887071
100.0,32,1381.410661
100.0,32,1381.921753
100.0,76,1383.095406
100.0,13,1383.31395
100.0,73,1384.42461
100.0,33,1384.956218
100.0,59,1385.944359
100.0,43,1386.669958
100.0,44,1387.470538
100.0,23,1387.907661
100.0,40,1388.616802
100.0,86,1390.08806
100.0,91,1391.784242
100.0,56,1392.769197
-100.0,6,1392.87371
100.0,110,1394.5692
100.0,21,1394.892753
100.0,46,1395.601648
100.0,95,1397.203699
100.0,80,1398.457423
100.0,46,1399.210061
100.0,88,1400.703459
100.0,108,1402.502281
100.0,60,1403.533976
100.0,35,1404.076589
100.0,52,1404.891729
100.0,56,1405.764393
100.0,84,1407.207633
100.0,69,1408.302988
100.0,42,1408.963616
100.0,23,1409.31617
100.0,61,1410.247163
100.0,30,1412.164073
100.0,25,1412.567683
100.0,47,1413.347909
100.0,84,1414.64565
100.0,27,1415.071724
100.0,57,1416.147426
100.0,54,1417.115748
100.0,70,1418.237945
100.0,43,1418.925301
100.0,75,1420.066577
-100.0,4,1420.137091
100.0,53,1420.975226
100.0,69,1422.158762
100.0,82,1423.605017
100.0,9,1423.752057
100.0,84,1425.042779
100.0,21,1425.377336
-100.0,13,1425.57737
100.0,65,1426.587402
100.0,48,1427.328421
100.0,39,1427.921777
100.0,51,1428.837923
100.0,25,1429.275988
100.0,30,1429.742368
100.0,27,1430.164434
100.0,82,1431.408927
100.0,53,1432.368069
100.0,38,1433.020387
100.0,42,1433.76072
100.0,88,1435.351567
100.0,13,1435.554596
100.0,19,1435.854066
100.0,61,1436.81371
100.0,40,1437.475302
100.0,44,1438.286279
-100.0,33,1438.831596
100.0,41,1439.575196
100.0,35,1440.127281
100.0,31,1440.611661
100.0,44,1441.348817
100.0,82,1442.754096
100.0,29,1443.24868
100.0,55,1444.114854
100.0,46,1444.915659
100.0,42,1445.637782
100.0,129,1449.140673
100.0,84,1450.548189
100.0,149,1452.886107
100.0,48,1453.627254
100.0,55,1454.463586
100.0,25,1454.844654
100.0,48,1455.58828
100.0,28,1456.027348
100.0,72,1457.200382
100.0,39,1457.805002
100.0,33,1458.402908
100.0,40,1459.07232
100.0,21,1459.400866
100.0,38,1459.991565
100.0,38,1460.575314
100.0,51,1461.347183
100.0,34,1462.007081
100.0,15,1462.247275
100.0,59,1463.220906
-100.0,2,1463.256416
100.0,58,1464.173211
100.0,26,1464.586135
100.0,23,1464.938719
100.0,21,1465.272745
100.0,32,1465.791987
100.0,9,1465.932188
100.0,11,1466.10111
100.0,60,1467.020815
100.0,18,1467.306048
-100.0,51,1468.087036
100.0,58,1468.989491
100.0,36,1469.572131
100.0,59,1470.605291
100.0,33,1471.139371
100.0,40,1471.907809
100.0,70,1473.076032
100.0,46,1473.798645
100.0,76,1474.961822
100.0,23,1475.308131
100.0,9,1475.460302
100.0,48,1476.350066
100.0,54,1477.275898
100.0,49,1478.032855
100.0,33,1478.559776
100.0,42,1479.345539
100.0,36,1479.946298
100.0,50,1482.344663
100.0,48,1483.100247
100.0,43,1483.758855
100.0,46,1484.542231
100.0,73,1485.885939
100.0,17,1486.17206
100.0,103,1487.818422
-100.0,18,1488.091967
100.0,61,1489.253694
100.0,15,1489.485724
100.0,22,1489.823267
100.0,42,1490.454835
100.0,50,1491.211896
100.0,30,1491.662184
100.0,45,1492.350995
100.0,32,1492.842567
100.0,81,1494.067564
100.0,76,1495.367702
100.0,68,1496.453848
100.0,19,1496.739429
100.0,86,1498.048186
100.0,81,1499.472404
100.0,53,1500.459898
100.0,29,1500.950054
100.0,32,1501.551175
100.0,100,1503.20737
100.0,64,1504.375078
100.0,23,1504.809167
100.0,40,1505.44487
100.0,25,1505.83095
100.0,29,1506.269546
100.0,30,1506.737207
100.0,38,1507.318067
100.0,61,1508.249238
100.0,57,1509.120403
100.0,35,1509.658509
100.0,29,1510.123583
100.0,50,1510.897412
100.0,40,1511.557019
100.0,57,1512.452915
100.0,22,1512.792325
-100.0,34,1513.411383
100.0,82,1518.086286
100.0,29,1518.602715
100.0,16,1518.850964
100.0,63,1521.289908
100.0,57,1522.364664
100.0,36,1522.996778
100.0,69,1524.08062
100.0,84,1525.503572
100.0,68,1526.6928
100.0,43,1527.531542
-100.0,12,1527.730579
100.0,49,1528.603219
100.0,19,1528.904762
-100.0,19,1529.213922
100.0,48,1529.968051
100.0,32,1530.532237
100.0,21,1530.943987
100.0,20,1531.400578
100.0,56,1532.303769
100.0,91,1533.821505
100.0,53,1534.654803
100.0,34,1535.186885
100.0,62,1536.146377
100.0,12,1536.337133
100.0,28,1536.774528
100.0,30,1537.235505
100.0,58,1538.129931
100.0,26,1538.53186
100.0,53,1539.34812
100.0,40,1539.983402
100.0,54,1540.834424
100.0,36,1541.384924
100.0,22,1541.732934
100.0,24,1542.107987
100.0,29,1542.569497
100.0,111,1544.282646
100.0,43,1544.953742
100.0,55,1545.813421
100.0,41,1546.578539
100.0,13,1546.793423
100.0,19,1547.11992
100.0,57,1548.022228
100.0,54,1548.858535
100.0,24,1549.256598
100.0,46,1550.08464
100.0,64,1551.169295
100.0,43,1551.852252
100.0,30,1552.40825
100.0,61,1553.3724
100.0,18,1553.658937
100.0,83,1556.55376
100.0,26,1556.972642
100.0,28,1557.408373
100.0,74,1558.558444
100.0,53,1559.388747
100.0,49,1560.160352
100.0,48,1560.9123
100.0,26,1561.315488
100.0,30,1561.789061
100.0,17,1562.102447
100.0,20,1562.420598
100.0,13,1562.630361
100.0,66,1563.672666
100.0,31,1564.153724
100.0,64,1565.187566
-100.0,13,1565.467712
100.0,25,1565.890784
100.0,85,1567.305921
100.0,63,1568.300812
100.0,17,1568.565929
100.0,25,1568.979987
100.0,32,1569.531101
100.0,26,1570.010674
100.0,49,1570.849789
100.0,32,1571.349231
100.0,75,1572.528691
100.0,48,1573.279269
100.0,9,1573.433452
100.0,87,1574.792549
100.0,19,1575.165098
100.0,70,1576.407549
100.0,23,1576.777433
100.0,26,1577.213676
100.0,72,1578.317622
100.0,13,1578.532652
100.0,50,1579.331773
100.0,59,1580.281919
100.0,65,1581.320735
100.0,102,1582.910648
100.0,52,1583.817296
100.0,50,1584.615021
100.0,1,1584.641022
100.0,24,1585.025625
100.0,11,1585.227664
100.0,49,1586.164099
100.0,45,1586.93081
100.0,62,1587.991759
100.0,62,1589.073178
100.0,80,1592.033112
100.0,95,1593.572347
100.0,29,1594.032933
100.0,29,1594.559205
100.0,18,1594.888013
100.0,28,1595.374593
100.0,43,1596.111204
100.0,42,1596.789813
100.0,4,1596.857818
100.0,92,1598.444711
100.0,77,1599.640076
100.0,40,1600.264238
100.0,22,1600.602476
100.0,84,1601.924783
100.0,23,1602.289849
100.0,37,1602.866984
100.0,51,1603.671032
100.0,30,1604.138672
100.0,44,1604.828042
100.0,62,1605.807065
100.0,42,1606.461945
100.0,31,1606.947644
100.0,31,1607.429739
100.0,30,1607.932109
100.0,49,1608.835777
100.0,88,1610.216596
100.0,21,1610.545672
100.0,56,1611.441045
100.0,39,1612.038134
100.0,57,1612.931565
100.0,21,1613.257133
100.0,49,1614.023264
100.0,41,1614.685898
100.0,41,1615.335014
100.0,113,1617.170992
100.0,24,1617.544044
100.0,45,1618.360182
100.0,67,1619.4745
100.0,131,1621.521325
100.0,13,1621.735861
100.0,16,1622.001807
100.0,92,1623.593704
100.0,60,1626.101424
100.0,41,1626.795104
100.0,31,1627.34787
100.0,68,1628.556967
100.0,79,1629.770747
100.0,60,1630.735424
100.0,29,1631.191009
100.0,51,1632.006042
100.0,83,1633.554395
100.0,59,1634.649074
100.0,67,1635.750373
100.0,78,1636.984015
100.0,68,1638.25532
100.0,86,1639.784557
100.0,40,1640.412093
100.0,37,1640.993544
100.0,17,1641.264368
100.0,62,1642.238348
100.0,80,1643.475371
100.0,34,1644.005453
100.0,100,1645.767742
100.0,79,1647.002385
100.0,64,1648.021412
100.0,69,1649.202213
100.0,22,1649.58534
100.0,35,1650.164981
100.0,78,1651.531466
100.0,34,1652.190878
100.0,1,1652.214878
100.0,19,1652.598784
100.0,1,1652.629782
100.0,55,1653.583474
100.0,50,1654.376619
-100.0,5,1654.461129
100.0,26,1654.877113
-100.0,3,1654.941633
100.0,25,1655.352698
100.0,17,1655.716767
100.0,62,1656.81046
100.0,42,1657.464562
100.0,12,1657.654597
100.0,44,1658.337212
100.0,36,1658.899322
100.0,66,1661.526327
-100.0,16,1661.802389
100.0,95,1663.341695
100.0,23,1663.716764
100.0,29,1664.281367
100.0,95,1665.84266
100.0,30,1666.326256
100.0,15,1666.563289
100.0,28,1667.011871
100.0,60,1667.94091
100.0,87,1669.404539
100.0,80,1670.716365
100.0,16,1670.965375
100.0,56,1671.873902
100.0,52,1672.704415
100.0,1,1672.731415
100.0,1,1672.759415
100.0,36,1673.320939
100.0,25,1673.704992
100.0,39,1674.317075
100.0,46,1675.186752
100.0,103,1676.991026
100.0,44,1677.746829
100.0,28,1678.202755
100.0,41,1678.942952
100.0,45,1679.668782
100.0,41,1680.405721
100.0,38,1681.197536
100.0,74,1682.441136
100.0,21,1682.808959
100.0,65,1683.82709
100.0,16,1684.170232
100.0,40,1684.877754
100.0,54,1685.748964
100.0,28,1686.209963
100.0,36,1686.784064
100.0,26,1687.217875
100.0,48,1687.96425
100.0,75,1689.146003
100.0,64,1694.002175
100.0,80,1695.33682
100.0,41,1696.04646
100.0,17,1696.324707
100.0,82,1697.757752
100.0,33,1698.298323
100.0,31,1698.799465
100.0,114,1702.242533
100.0,25,1702.654735
100.0,21,1702.995283
100.0,37,1703.563365
100.0,54,1704.391482
-100.0,48,1705.157599
-100.0,16,1705.406142
100.0,72,1706.513804
100.0,112,1708.464384
100.0,33,1708.972964
100.0,50,1709.75549
100.0,17,1710.018036
100.0,64,1711.00719
100.0,82,1712.416401
100.0,103,1714.051665
100.0,79,1715.322965
-100.0,18,1715.617083
100.0,94,1717.071307
100.0,81,1718.356336
100.0,41,1719.090947
100.0,24,1719.505513
100.0,55,1720.36264
100.0,67,1721.387448
100.0,72,1722.516626
100.0,22,1722.888172
100.0,23,1723.260237
100.0,66,1724.286372
100.0,52,1725.126035
100.0,33,1725.716966
100.0,39,1726.419583
100.0,82,1727.815826
100.0,23,1728.185384
100.0,43,1728.869714
100.0,47,1729.624845
100.0,8,1729.764876
100.0,33,1730.444488
100.0,29,1731.02359
100.0,19,1731.339132
100.0,38,1732.001938
100.0,78,1733.257538
100.0,29,1733.751115
100.0,78,1736.536449
100.0,13,1736.778478
100.0,70,1737.933303
100.0,87,1739.432036
100.0,35,1740.051137
100.0,49,1740.852278
100.0,30,1741.327857
100.0,3,1741.380855
100.0,58,1742.2795
100.0,53,1743.118164
100.0,35,1743.662746
100.0,34,1744.199324
100.0,11,1744.383343
100.0,51,1745.184458
100.0,71,1746.298141
100.0,29,1746.76471
100.0,20,1747.079271
100.0,35,1747.707379
100.0,48,1748.549006
100.0,24,1748.971079
100.0,37,1749.556839
100.0,75,1750.755756
100.0,60,1751.84143
100.0,61,1752.855968
100.0,31,1753.379529
100.0,4,1753.45302
100.0,44,1754.138552
100.0,69,1755.216153
100.0,63,1756.192223
100.0,85,1757.508856
100.0,31,1757.984029
100.0,31,1758.470439
-100.0,63,1759.6085
100.0,15,1759.906061
100.0,71,1761.162775
100.0,90,1762.551777
100.0,3,1762.60878
100.0,10,1762.770805
100.0,36,1763.334866
100.0,24,1763.702353
100.0,58,1764.601852
100.0,51,1765.391836
100.0,36,1765.959913
100.0,25,1766.358049
100.0,17,1766.620411
100.0,53,1767.442657
100.0,55,1768.469813
100.0,41,1769.127884
100.0,70,1771.63521
100.0,8,1771.765739
100.0,24,1772.144795
100.0,27,1772.566239
100.0,42,1773.333682
100.0,80,1774.656582
100.0,13,1774.868621
100.0,88,1776.266939
100.0,18,1776.583516
100.0,26,1776.980583
100.0,39,1777.594257
100.0,50,1778.369411
100.0,7,1778.482931
100.0,59,1779.405631
100.0,36,1779.971742
100.0,77,1781.329522
100.0,10,1781.489033
100.0,42,1782.152659
100.0,13,1782.359698
-100.0,46,1783.092348
100.0,46,1783.853136
100.0,5,1783.93765
100.0,72,1785.062211
100.0,41,1785.726843
100.0,15,1786.021411
100.0,44,1786.793573
100.0,38,1787.479203
-100.0,12,1787.677242
100.0,64,1788.762951
100.0,68,1790.042401
100.0,61,1791.037233
100.0,93,1792.600051
100.0,57,1793.590274
100.0,29,1794.123377
100.0,88,1795.625625
100.0,32,1796.141217
100.0,79,1797.378139
100.0,72,1798.642904
100.0,62,1799.660667
100.0,24,1800.048741
100.0,42,1800.740977
100.0,79,1802.001225
100.0,74,1803.177044
100.0,28,1803.61913
100.0,33,1804.148239
100.0,76,1806.866386
100.0,1,1806.888386
100.0,86,1808.26948
100.0,46,1809.125767
100.0,43,1809.860408
100.0,14,1810.120456
100.0,27,1810.550045
100.0,31,1811.062664
100.0,35,1811.638573
100.0,40,1812.324979
100.0,43,1813.087128
100.0,44,1813.913186
100.0,66,1815.085404
100.0,61,1816.045598
100.0,16,1816.299635
100.0,47,1817.053785
100.0,62,1818.034585
100.0,15,1818.273031
100.0,61,1819.255776
100.0,101,1820.961469
-100.0,3,1821.019476
100.0,30,1821.506065
100.0,42,1822.295184
100.0,1,1822.321192
100.0,55,1823.231709
100.0,37,1823.830829
100.0,19,1824.139069
100.0,37,1824.737005
100.0,14,1824.964036
100.0,19,1825.2751
100.0,49,1826.061081
100.0,21,1826.399654
-100.0,15,1826.695216
100.0,73,1827.985622
100.0,3,1828.04114
100.0,76,1829.227554
100.0,58,1830.19238
100.0,38,1830.798491
100.0,31,1831.296104
100.0,58,1832.396824
100.0,37,1833.035458
100.0,23,1833.405023
100.0,59,1834.339244
100.0,49,1835.155406
100.0,22,1835.503981
100.0,39,1836.126097
100.0,57,1837.156813
100.0,34,1837.718416
100.0,44,1838.446609
100.0,48,1839.39926
100.0,59,1840.478634
100.0,50,1842.755575
100.0,43,1843.462241
100.0,77,1844.824514
100.0,13,1845.128191
100.0,19,1845.452277
100.0,20,1845.795852
100.0,61,1846.818603
100.0,107,1848.511391
100.0,58,1849.44023
100.0,81,1850.753103
100.0,57,1851.654325
100.0,55,1852.520166
100.0,23,1852.884241
100.0,26,1853.308315
100.0,33,1853.896444
100.0,50,1854.721613
100.0,42,1855.414874
100.0,12,1855.627604
100.0,58,1856.545804
100.0,68,1857.771026
100.0,28,1858.235793
100.0,8,1858.375828
100.0,35,1858.952955
100.0,38,1859.559092
100.0,21,1859.944194
100.0,43,1860.643832
100.0,24,1861.04291
100.0,100,1862.708136
100.0,23,1863.072205
100.0,20,1863.446294
100.0,60,1864.569733
100.0,38,1865.313329
100.0,68,1866.560093
100.0,48,1872.025212
100.0,66,1873.16817
100.0,37,1873.784281
100.0,30,1874.359393
100.0,27,1874.884993
100.0,19,1875.226567
100.0,14,1875.538925
100.0,48,1876.480618
100.0,57,1877.476809
100.0,15,1877.72186
100.0,37,1878.306539
100.0,52,1879.138717
100.0,52,1879.985436
100.0,38,1880.594582
100.0,78,1883.303969
100.0,30,1883.836154
100.0,80,1885.127945
100.0,57,1886.117557
100.0,28,1886.583147
100.0,78,1887.900747
100.0,67,1889.005187
100.0,63,1890.156776
100.0,3,1890.217777
100.0,90,1891.822331
100.0,9,1892.001367
100.0,45,1892.776536
100.0,29,1893.289119
100.0,41,1894.14526
100.0,75,1895.448041
100.0,44,1896.163901
100.0,40,1896.829032
100.0,31,1897.324634
100.0,37,1897.912763
100.0,18,1898.229855
100.0,22,1898.584941
100.0,38,1899.323583
100.0,45,1900.093755
100.0,16,1900.364327
100.0,16,1900.623358
100.0,107,1902.496266
100.0,25,1902.92935
100.0,39,1903.566604
100.0,55,1904.443757
100.0,36,1905.03643
100.0,17,1905.331153
100.0,25,1905.822751
100.0,35,1906.442359
100.0,34,1906.996466
100.0,33,1907.525047
100.0,20,1907.847618
-100.0,51,1908.831712
100.0,50,1909.719011
100.0,35,1910.266099
100.0,56,1911.298287
100.0,30,1911.837896
100.0,60,1912.880212
100.0,54,1913.852898
100.0,49,1914.642663
100.0,54,1915.514353
100.0,53,1916.467556
100.0,24,1916.906635
100.0,41,1917.562042
100.0,42,1918.242702
100.0,34,1920.296632
100.0,44,1921.07378
100.0,18,1921.366338
100.0,37,1921.954954
100.0,22,1922.305038
100.0,37,1922.89789
100.0,88,1924.428206
100.0,102,1926.219774
100.0,44,1927.006925
-100.0,4,1927.097444
-100.0,29,1927.586564
100.0,55,1928.549227
100.0,103,1930.268134
100.0,3,1930.33413
100.0,33,1930.90275
-100.0,7,1931.024274
100.0,47,1931.838972
100.0,62,1933.044853
100.0,76,1934.306537
100.0,51,1935.238906
100.0,60,1936.282173
100.0,12,1936.476226
100.0,49,1937.250601
100.0,56,1938.155125
-100.0,57,1939.060158
100.0,12,1939.265704
100.0,25,1939.664776
100.0,59,1940.603443
100.0,13,1940.837478
100.0,48,1941.67017
100.0,82,1942.969012
100.0,37,1943.720646
100.0,70,1944.963942
100.0,75,1946.15666
100.0,24,1946.53672
100.0,34,1947.079819
100.0,69,1948.182505
100.0,42,1948.98665
100.0,5,1949.084169
100.0,31,1949.633768
-100.0,10,1949.793796
100.0,49,1950.583931
100.0,29,1951.07227
100.0,53,1952.031917
100.0,23,1952.426972
100.0,55,1953.336614
100.0,76,1954.55981
100.0,57,1957.010665
100.0,7,1957.146194
100.0,25,1957.581066
100.0,53,1958.448936
100.0,77,1959.869061
100.0,28,1960.326106
100.0,16,1960.577379
100.0,14,1960.818408
100.0,15,1961.055438
100.0,101,1962.64116
100.0,25,1963.041219
100.0,56,1963.927572
100.0,6,1964.027084
100.0,33,1964.548658
100.0,18,1964.843219
100.0,10,1965.012254
100.0,33,1965.539536
100.0,63,1966.59093
100.0,22,1967.026
100.0,71,1968.189222
100.0,25,1968.588291
100.0,19,1968.913831
100.0,17,1969.185375
100.0,42,1969.857304
100.0,4,1969.927811
100.0,49,1970.711586
100.0,50,1971.500249
100.0,56,1972.386269
100.0,18,1972.671813
100.0,52,1973.509953
100.0,29,1973.98554
100.0,24,1974.388484
100.0,54,1975.251624
100.0,53,1976.10154
100.0,48,1976.944656
100.0,76,1978.232719
100.0,29,1978.734294
100.0,39,1979.422512
100.0,46,1980.271011
100.0,51,1981.145869
100.0,64,1982.251093
100.0,64,1983.281178
100.0,53,1984.160243
100.0,51,1985.032702
100.0,32,1985.612607
100.0,31,1986.163811
100.0,11,1986.356838
100.0,41,1987.008697
100.0,88,1988.395861
100.0,18,1988.708706
100.0,37,1989.355707
100.0,26,1989.777283
100.0,15,1990.046598
100.0,46,1992.288254
100.0,22,1992.669811
100.0,45,1993.470523
-100.0,16,1993.729067
100.0,84,1995.085823
100.0,71,1996.432904
100.0,52,1997.337657
-100.0,32,1997.866261
100.0,56,1998.764914
100.0,49,1999.70009
100.0,98,2001.310377
100.0,18,2001.620589
100.0,37,2002.214701
100.0,85,2003.565415
100.0,61,2004.557167
100.0,41,2005.219789
100.0,76,2006.542058
100.0,12,2006.73471
100.0,96,2008.359688
100.0,22,2008.719766
100.0,46,2009.507772
100.0,43,2010.200387
100.0,65,2011.222327
100.0,33,2011.741915
100.0,65,2012.797243
100.0,37,2013.386102
-100.0,24,2013.778648
100.0,61,2014.743319
100.0,45,2015.462221
100.0,54,2016.348015
100.0,58,2017.280242
100.0,31,2017.775365
100.0,42,2018.444864
-100.0,4,2018.513379
100.0,47,2019.260004
100.0,44,2019.961426
100.0,89,2021.367921
100.0,40,2022.004311
100.0,70,2023.11454
100.0,63,2024.117707
100.0,166,2028.26508
100.0,24,2028.670145
100.0,18,2028.961696
100.0,64,2029.992385
100.0,57,2030.921043
100.0,52,2031.756882
100.0,13,2031.969921
100.0,49,2032.756065
100.0,14,2032.99462
100.0,46,2033.80276
100.0,88,2035.182493
100.0,71,2036.467725
100.0,53,2037.417904
100.0,67,2038.638092
100.0,59,2039.578762
100.0,34,2040.131886
100.0,63,2041.129498
100.0,104,2042.974858
100.0,37,2043.618313
100.0,81,2045.065198
100.0,51,2045.906938
100.0,19,2046.223338
100.0,35,2046.816421
100.0,39,2050.549182
100.0,65,2051.683557
100.0,69,2052.802195
100.0,69,2053.928958
100.0,64,2054.963109
100.0,15,2055.21264
100.0,67,2056.28778
100.0,37,2056.895375
100.0,48,2057.688987
100.0,33,2058.216078
100.0,19,2058.523618
100.0,59,2059.465245
100.0,69,2060.727938
100.0,67,2061.851128
100.0,48,2062.630236
100.0,70,2063.7579
100.0,9,2063.905931
100.0,48,2066.169459
100.0,36,2066.807765
100.0,51,2067.637167
100.0,64,2068.689354
100.0,46,2069.440189
100.0,24,2069.832267
100.0,33,2070.364843
100.0,49,2071.155881
100.0,41,2071.847492
100.0,45,2072.588111
100.0,43,2073.3561
100.0,39,2074.022739
100.0,79,2075.523648
100.0,29,2076.009847
100.0,41,2076.678954
100.0,36,2077.28516
100.0,22,2077.669207
100.0,6,2077.769723
100.0,18,2078.060266
100.0,34,2078.618911
100.0,69,2079.784165
100.0,52,2080.643924
100.0,44,2081.372256
100.0,11,2081.574285
100.0,47,2082.492951
100.0,79,2083.993697
100.0,43,2084.722996
-100.0,17,2085.084453
100.0,42,2085.848398
100.0,31,2086.398952
100.0,58,2087.511108
100.0,29,2088.014595
100.0,20,2088.447633
100.0,75,2089.741031
100.0,53,2090.646131
-100.0,18,2090.989888
100.0,25,2091.562976
100.0,63,2092.664973
100.0,30,2093.153056
100.0,69,2094.353166
100.0,34,2095.040522
100.0,18,2095.392073
100.0,21,2095.785102
100.0,16,2096.110168
100.0,24,2096.533531
100.0,53,2097.417246
100.0,22,2097.777788
100.0,27,2098.21691
100.0,64,2099.240708
100.0,63,2100.255845
100.0,16,2100.525403
100.0,82,2103.312265
100.0,30,2103.831846
100.0,65,2104.895023
100.0,40,2105.536644
100.0,58,2106.642155
100.0,26,2107.155745
100.0,43,2107.917891
-100.0,89,2109.55817
100.0,17,2109.837722
100.0,27,2110.278784
100.0,10,2110.453811
100.0,51,2111.292961
100.0,68,2112.415642
100.0,67,2113.579854
100.0,25,2114.040475
100.0,87,2115.598254
100.0,6,2115.700771
100.0,28,2116.170349
100.0,73,2117.509585
100.0,28,2118.058799
100.0,43,2118.773317
100.0,82,2120.295065
100.0,31,2120.793133
100.0,55,2121.696344
100.0,32,2122.207558
100.0,40,2122.868674
100.0,29,2123.340247
100.0,22,2123.699793
100.0,91,2125.329552
100.0,23,2125.731608
100.0,94,2127.389853
100.0,22,2127.766924
-100.0,29,2128.292863
100.0,1,2128.31638
100.0,4,2128.387379
100.0,53,2129.272014
100.0,10,2129.436047
100.0,41,2130.216161
100.0,44,2131.012301
100.0,55,2131.920945
100.0,63,2132.943104
100.0,71,2134.111595
100.0,18,2134.409637
100.0,77,2135.662355
100.0,19,2136.020426
100.0,18,2136.362979
100.0,43,2137.069902
100.0,40,2137.774359
100.0,14,2138.013914
-100.0,4,2138.088913
100.0,17,2139.852753
100.0,39,2140.538375
100.0,10,2140.713407
100.0,29,2141.283988
100.0,9,2141.448018
100.0,5,2141.546535
100.0,23,2141.960596
100.0,49,2142.823253
100.0,34,2143.391832
100.0,28,2143.858423
100.0,71,2145.146121
100.0,29,2145.632703
100.0,40,2146.319307
100.0,39,2146.947991
100.0,33,2147.47757
-100.0,69,2148.591177
100.0,15,2148.842382
100.0,34,2149.407775
100.0,29,2149.901351
100.0,22,2150.333925
100.0,30,2150.830494
100.0,44,2151.627609
100.0,75,2152.873796
100.0,68,2153.983462
100.0,58,2154.91533
100.0,23,2155.294882
100.0,28,2155.759464
100.0,29,2156.233038
100.0,39,2156.866131
100.0,31,2157.391706
100.0,54,2158.326871
100.0,10,2158.520899
100.0,66,2159.589066
100.0,92,2161.083468
100.0,16,2161.381007
100.0,56,2162.402763
100.0,24,2162.797832
100.0,45,2163.543958
100.0,20,2163.869506
100.0,45,2164.636314
100.0,81,2165.954502
100.0,41,2166.644123
100.0,1,2166.668117
100.0,5,2166.753633
100.0,54,2167.624274
100.0,49,2168.412429
100.0,57,2169.540623
100.0,46,2170.302228
100.0,23,2170.730813
100.0,23,2171.170759
100.0,34,2171.796856
100.0,33,2172.356627
100.0,45,2173.103251
100.0,33,2173.765599
100.0,18,2174.104143
100.0,27,2174.605275
100.0,53,2176.965173
100.0,12,2177.160202
100.0,38,2177.788385
100.0,73,2178.955189
100.0,53,2179.812981
100.0,43,2180.529981
100.0,90,2182.060749
100.0,24,2182.458411
100.0,1,2182.481413
100.0,8,2182.611932
100.0,34,2183.168437
100.0,52,2184.149133
100.0,37,2184.788002
100.0,56,2185.727767
100.0,40,2186.415894
100.0,59,2187.389618
100.0,55,2188.370864
100.0,26,2188.878019
100.0,101,2190.605824
100.0,15,2190.860464
100.0,12,2191.064332
100.0,31,2191.588919
100.0,35,2192.243103
100.0,53,2193.150181
100.0,26,2193.568687
100.0,23,2193.962742
100.0,46,2194.7182
-100.0,27,2195.18377
100.0,29,2195.776297
100.0,58,2196.75388
100.0,39,2197.411097
100.0,37,2198.09146
100.0,15,2198.420013
100.0,30,2198.930647
100.0,70,2200.057111
100.0,52,2200.897768
100.0,47,2201.783408
100.0,32,2202.355494
100.0,37,2202.976219
100.0,53,2203.831519
100.0,63,2204.853538
100.0,15,2205.094564
100.0,9,2205.242308
100.0,11,2205.455343
100.0,46,2206.216585
100.0,53,2207.169739
100.0,26,2207.599607
100.0,53,2208.569767
100.0,4,2208.656816
100.0,45,2209.418445
100.0,36,2210.034189
100.0,31,2210.600641
100.0,19,2210.973691
100.0,72,2213.610667
100.0,48,2214.444287
100.0,22,2214.812828
100.0,50,2215.648456
100.0,25,2216.08551
100.0,48,2216.861198
100.0,54,2217.760535
100.0,58,2218.694349
-100.0,76,2219.938009
100.0,86,2221.32337
100.0,27,2221.788568
100.0,104,2223.680402
100.0,16,2224.011945
100.0,28,2224.492523
100.0,30,2225.024947
100.0,25,2225.504116
100.0,21,2225.850186
100.0,43,2226.596785
100.0,34,2227.167542
100.0,62,2228.353297
100.0,59,2229.375211
100.0,43,2233.601911
0.0,200,2236.797561
100.0,15,2237.074109
100.0,23,2237.450168
100.0,70,2238.580289
100.0,24,2238.969971
100.0,41,2239.783126
100.0,36,2240.403255
-100.0,45,2241.174536
100.0,58,2242.10973
100.0,66,2243.310789
100.0,60,2244.31196
100.0,100,2245.940695
100.0,50,2246.773624
100.0,58,2247.727412
100.0,48,2248.537188
-100.0,16,2248.804726
100.0,99,2250.477101
100.0,36,2252.400625
100.0,46,2253.208766
100.0,57,2254.279456
100.0,5,2254.371979
100.0,56,2255.40116
100.0,24,2255.792233
100.0,33,2256.344927
100.0,38,2257.006026
100.0,75,2258.303293
100.0,39,2258.942921
100.0,18,2259.242996
100.0,48,2260.148535
100.0,58,2261.153968
100.0,67,2262.233759
-100.0,50,2263.196769
100.0,63,2264.285028
100.0,52,2265.257193
100.0,58,2266.305865
100.0,23,2266.772459
-100.0,54,2267.78865
100.0,74,2268.988848
100.0,66,2270.072856
100.0,71,2271.290641
100.0,36,2271.880873
100.0,45,2272.622293
100.0,67,2273.848387
100.0,50,2274.699546
100.0,51,2275.544701
100.0,31,2276.09941
100.0,2,2276.139416
100.0,54,2277.053597
100.0,74,2278.330367
100.0,26,2278.854093
100.0,46,2279.702245
100.0,97,2281.43395
100.0,41,2282.207082
100.0,17,2282.484638
100.0,29,2282.974182
100.0,66,2284.074881
100.0,8,2284.220402
100.0,43,2284.910022
100.0,34,2285.48612
100.0,21,2285.863178
100.0,43,2286.584358
100.0,37,2287.224455
100.0,20,2287.665044
-100.0,10,2287.844564
100.0,19,2288.197632
100.0,32,2290.145477
100.0,29,2290.673923
100.0,54,2291.602115
100.0,67,2292.695668
100.0,51,2293.652833
100.0,32,2294.184419
100.0,59,2295.227591
100.0,28,2295.697168
100.0,37,2296.437823
100.0,44,2297.192575
100.0,39,2297.83836
100.0,55,2298.802533
100.0,54,2299.816702
100.0,36,2300.427814
100.0,55,2301.335244
100.0,38,2301.980834
100.0,50,2302.781537
100.0,20,2303.124086
100.0,22,2303.499146
-100.0,30,2304.011367
100.0,34,2304.573462
100.0,1,2304.59646
100.0,17,2304.868747
100.0,12,2305.076782
-100.0,64,2306.111974
100.0,104,2308.039773
100.0,22,2308.398844
-100.0,65,2309.459094
100.0,82,2310.808802
100.0,80,2312.085823
100.0,65,2313.143993
100.0,34,2313.725986
100.0,36,2314.34911
100.0,3,2314.405618
100.0,65,2315.455353
100.0,41,2316.138976
100.0,34,2316.71465
100.0,24,2317.120719
100.0,73,2318.363995
100.0,54,2319.385749
100.0,48,2320.274099
100.0,93,2321.978541
100.0,46,2322.735799
100.0,97,2324.445391
100.0,43,2326.801156
100.0,83,2328.220376
100.0,12,2328.424091
100.0,51,2329.282531
100.0,84,2330.689954
100.0,35,2331.27406
100.0,29,2331.801659
100.0,65,2332.987863
100.0,18,2333.293414
100.0,44,2334.015051
100.0,63,2335.076151
100.0,1,2335.100151
100.0,58,2336.066154
100.0,19,2336.388697
100.0,14,2336.620723
100.0,37,2337.229007
100.0,15,2337.545552
100.0,54,2338.570635
100.0,25,2339.004488
100.0,35,2339.591114
100.0,80,2340.882791
100.0,38,2341.531871
100.0,41,2342.341698
100.0,55,2343.468268
100.0,73,2344.755851
100.0,51,2345.719695
100.0,22,2346.137923
100.0,98,2347.9449
100.0,13,2348.160928
100.0,38,2348.781539
100.0,29,2349.328118
100.0,38,2350.041749
100.0,53,2350.963399
100.0,13,2351.19594
100.0,46,2352.106594
100.0,32,2352.718697
100.0,47,2353.503807
100.0,43,2354.27792
100.0,30,2354.860493
100.0,13,2355.086038
100.0,13,2355.36007
100.0,42,2356.06367
100.0,24,2356.465733
100.0,79,2357.740942
100.0,39,2358.416547
100.0,54,2359.362488
100.0,64,2360.415143
100.0,26,2360.8502
100.0,31,2361.359778
100.0,33,2362.058382
100.0,81,2364.966306
100.0,56,2365.938466
100.0,41,2366.625083
-100.0,17,2366.91464
100.0,48,2367.839278
100.0,37,2368.4809
100.0,28,2369.02247
100.0,34,2369.676075
100.0,63,2370.808737
100.0,23,2371.202795
100.0,71,2372.369535
100.0,77,2373.803477
100.0,49,2374.623144
100.0,84,2376.112898
100.0,50,2377.055002
100.0,32,2377.606117
100.0,51,2378.47506
100.0,41,2379.158166
100.0,43,2379.884325
100.0,27,2380.419929
100.0,51,2381.277625
100.0,34,2381.854218
100.0,34,2382.434329
100.0,44,2383.162661
100.0,60,2384.204466
100.0,19,2384.52603
100.0,30,2385.036563
100.0,18,2385.339119
100.0,1,2385.363118
-100.0,7,2385.498149
100.0,47,2386.257758
100.0,17,2386.53932
100.0,20,2386.891377
100.0,15,2387.15141
100.0,12,2387.370358
100.0,34,2387.953062
100.0,12,2388.160097
100.0,32,2388.680491
100.0,46,2389.446351
100.0,49,2390.26489
100.0,33,2390.956889
100.0,72,2392.254095
100.0,84,2393.640843
100.0,64,2394.699719
100.0,27,2395.162789
100.0,15,2395.443284
100.0,26,2395.919438
100.0,2,2395.958438
100.0,29,2396.441012
100.0,42,2397.164457
100.0,31,2397.696996
100.0,28,2398.337329
100.0,38,2399.025952
100.0,82,2401.853662
100.0,26,2402.40276
100.0,52,2403.387343
100.0,67,2404.58267
100.0,32,2405.130236
100.0,47,2405.99157
100.0,102,2407.83442
100.0,36,2408.437078
100.0,60,2409.405475
100.0,86,2410.813223
100.0,38,2411.429891
100.0,37,2412.038842
100.0,95,2413.586978
100.0,46,2421.097165
100.0,76,2422.363114
100.0,40,2423.135023
100.0,11,2423.401576
100.0,24,2423.826631
100.0,98,2425.509151
100.0,44,2426.250585
100.0,29,2426.725154
100.0,26,2427.29808
100.0,37,2427.946694
100.0,24,2428.372756
100.0,37,2428.993965
100.0,21,2429.483829
100.0,50,2430.404444
100.0,63,2431.453581
100.0,82,2432.818244
100.0,29,2433.317809
-100.0,13,2433.545748
100.0,81,2435.012316
100.0,69,2436.269004
100.0,42,2436.972141
100.0,23,2437.363192
100.0,56,2438.416768
100.0,41,2439.125366
-100.0,14,2439.376402
100.0,44,2440.119827
100.0,56,2441.068968
100.0,33,2441.65073
100.0,54,2442.595887
100.0,49,2443.549203
100.0,110,2446.8582
100.0,54,2447.754996
100.0,29,2448.358089
100.0,47,2449.210678
100.0,1,2449.233675
100.0,47,2450.003218
100.0,47,2450.960851
100.0,65,2452.113552
100.0,97,2453.95442
100.0,40,2454.659024
100.0,19,2454.992076
100.0,41,2455.68018
100.0,60,2456.686408
100.0,32,2457.303009
100.0,51,2458.195301
100.0,103,2459.93752
100.0,39,2460.595121
100.0,63,2461.604711
100.0,64,2462.845667
100.0,10,2463.019698
100.0,69,2464.154309
100.0,1,2464.178309
100.0,42,2464.868302
100.0,62,2465.880626
100.0,21,2466.22569
100.0,49,2467.030317
100.0,32,2467.572888
100.0,43,2468.302716
100.0,14,2468.54274
100.0,44,2469.259209
100.0,32,2469.797307
100.0,47,2470.575921
100.0,36,2471.165031
100.0,24,2471.570108
100.0,21,2471.916178
100.0,58,2473.029858
100.0,8,2473.169942
100.0,44,2473.93939
100.0,61,2474.973701
100.0,62,2476.23206
100.0,78,2477.694263
100.0,29,2478.238264
100.0,39,2478.902873
100.0,38,2479.534935
100.0,65,2480.74824
100.0,41,2482.877489
-100.0,32,2483.487588
100.0,50,2484.374532
100.0,93,2485.906751
100.0,37,2486.517826
100.0,51,2487.369495
100.0,43,2488.152128
100.0,57,2489.093224
100.0,42,2489.801826
100.0,40,2490.502295
100.0,91,2492.11814
100.0,58,2493.11884
100.0,40,2493.776922
100.0,63,2494.862444
100.0,6,2494.966731
100.0,72,2496.16337
100.0,60,2497.286204
100.0,23,2497.716457
100.0,33,2498.266714
100.0,19,2498.595467
100.0,96,2500.215721
100.0,44,2500.942321
100.0,18,2501.246869
100.0,35,2501.823871
100.0,86,2503.296648
100.0,15,2503.561041
100.0,35,2504.199746
100.0,70,2505.515672
100.0,49,2506.34552
-100.0,16,2506.610073
100.0,36,2507.200653
-100.0,5,2507.288163
100.0,45,2508.022899
100.0,44,2508.775406
100.0,69,2509.987585
100.0,35,2510.723908
100.0,21,2511.112972
100.0,90,2512.635727
100.0,49,2513.465605
100.0,51,2514.526289
100.0,24,2514.963065
100.0,33,2515.604675
100.0,63,2516.865739
100.0,21,2517.224805
100.0,40,2517.895466
100.0,95,2520.943629
100.0,49,2521.835988
100.0,92,2523.332725
100.0,34,2523.878953
100.0,59,2524.882101
100.0,11,2525.070129
100.0,17,2525.363261
100.0,19,2525.699614
100.0,26,2526.12596
100.0,24,2526.54697
100.0,21,2526.90398
100.0,26,2527.446901
100.0,40,2528.20452
100.0,25,2528.639704
100.0,52,2529.658471
100.0,66,2530.834108
100.0,9,2530.983624
100.0,57,2531.931138
100.0,38,2532.56522
100.0,31,2533.09279
100.0,46,2533.863907
100.0,53,2534.72922
100.0,15,2534.977607
100.0,40,2535.705223
100.0,13,2535.947768
100.0,50,2536.784905
100.0,20,2537.118976
100.0,74,2538.329465
100.0,38,2538.975175
100.0,6,2539.08069
100.0,15,2539.358236
100.0,12,2539.584075
100.0,64,2540.785278
100.0,78,2542.291226
100.0,42,2543.03423
100.0,47,2543.819348
100.0,48,2544.681868
100.0,36,2545.411496
100.0,27,2545.93612
100.0,14,2546.200147
100.0,83,2547.701854
100.0,55,2548.748293
100.0,50,2549.583573
100.0,35,2550.177681
-100.0,28,2550.693283
100.0,9,2550.911336
100.0,51,2551.829534
100.0,11,2552.026445
100.0,45,2552.913607
100.0,22,2553.350181
100.0,68,2554.594735
100.0,45,2555.383883
100.0,75,2558.068331
100.0,27,2558.576596
100.0,23,2558.975652
100.0,33,2559.544464
100.0,85,2560.972416
100.0,40,2561.757525
100.0,74,2563.051841
100.0,35,2563.723978
100.0,55,2564.710155
100.0,79,2566.108255
100.0,82,2567.497341
100.0,35,2568.07461
100.0,12,2568.275116
100.0,72,2569.451286
100.0,17,2569.731833
100.0,26,2570.196901
100.0,29,2570.732845
100.0,6,2570.84136
100.0,85,2572.328969
100.0,57,2573.357119
100.0,27,2573.828622
100.0,14,2574.05965
100.0,15,2574.323591
100.0,44,2575.077704
-100.0,15,2575.334248
100.0,91,2576.873318
100.0,48,2577.832715
100.0,94,2579.593754
100.0,42,2580.455973
100.0,5,2580.559487
100.0,33,2581.12007
100.0,40,2581.778264
100.0,42,2582.602569
100.0,8,2582.752599
100.0,51,2583.671832
100.0,16,2583.952374
100.0,31,2584.472835
100.0,30,2584.959407
100.0,37,2585.71801
100.0,8,2585.858032
100.0,52,2586.869097
100.0,40,2587.631045
100.0,17,2588.014592
100.0,19,2588.340653
100.0,36,2588.997747
100.0,13,2589.228287
100.0,59,2590.248841
100.0,35,2590.863935
100.0,44,2591.71104
100.0,90,2593.330207
100.0,66,2594.469975
100.0,45,2596.618213
100.0,14,2596.846748
100.0,46,2597.626319
100.0,54,2598.602462
100.0,29,2599.172564
-100.0,37,2599.851161
100.0,34,2600.415378
100.0,2,2600.454718
100.0,44,2601.178871
100.0,65,2602.259923
100.0,58,2603.337492
100.0,27,2603.819405
100.0,44,2609.836168
100.0,85,2611.350737
100.0,7,2611.499801
100.0,13,2611.721363
100.0,46,2612.488339
100.0,41,2613.198968
100.0,42,2613.992505
100.0,92,2615.729283
100.0,29,2616.230879
100.0,48,2617.049225
100.0,8,2617.183746
100.0,76,2618.453481
100.0,107,2620.345091
-100.0,25,2620.770852
100.0,70,2621.976712
100.0,45,2622.781857
100.0,54,2623.682056
100.0,25,2624.109109
100.0,21,2624.460187
100.0,48,2625.284334
100.0,27,2625.735396
100.0,8,2625.874424
100.0,17,2626.189992
100.0,19,2626.517547
100.0,31,2627.077672
100.0,47,2627.894803
100.0,79,2629.312065
100.0,33,2629.924186
100.0,42,2630.683324
100.0,20,2631.022898
100.0,75,2632.267956
100.0,96,2633.986267
100.0,15,2634.300828
100.0,20,2634.645902
100.0,61,2635.808451
100.0,19,2636.197541
