#{"t_start": 1749224995.517003, "env_id": "None"}
r,l,t
0.0,200,157.705702
0.0,200,161.03062
0.0,200,164.407831
0.0,200,166.969635
0.0,200,169.518053
0.0,200,323.73791
0.0,200,326.725904
0.0,200,329.237206
0.0,200,331.722296
0.0,200,334.267646
0.0,200,507.581917
0.0,200,511.001064
0.0,200,514.270869
0.0,200,517.576376
0.0,200,520.824482
100.0,61,720.434857
0.0,200,723.898968
0.0,200,727.281362
0.0,200,730.614591
0.0,200,733.89245
0.0,200,926.278386
100.0,64,927.123377
100.0,70,928.071126
100.0,104,929.445849
0.0,200,932.160274
0.0,200,1114.651133
0.0,200,1118.463805
100.0,32,1119.014959
0.0,200,1122.993278
100.0,109,1124.70996
100.0,35,1330.585478
100.0,25,1331.034981
100.0,29,1331.541944
100.0,41,1332.252732
0.0,200,1335.807881
100.0,20,1546.120498
100.0,8,1546.262199
100.0,18,1546.560292
100.0,50,1547.381421
100.0,41,1548.068747
100.0,55,1759.859002
100.0,178,1763.040394
100.0,104,1764.891316
100.0,18,1765.222275
100.0,46,1766.048059
100.0,34,1983.772028
100.0,21,1984.147845
100.0,37,1984.822772
100.0,33,1985.440718
100.0,49,1986.295459
100.0,29,2207.596007
100.0,47,2208.463059
100.0,33,2209.095042
100.0,23,2209.53401
100.0,52,2210.489644
100.0,25,2433.605148
100.0,52,2434.560731
100.0,45,2435.400511
100.0,31,2435.979625
100.0,18,2436.320547
100.0,18,2661.989079
100.0,11,2662.191558
100.0,29,2662.724009
100.0,39,2663.414403
100.0,21,2663.784148
100.0,29,2869.932423
100.0,20,2870.201032
100.0,17,2870.433459
100.0,11,2870.58237
100.0,36,2871.060084
100.0,57,3075.781662
100.0,2,3075.819716
100.0,21,3076.152195
100.0,39,3076.77266
100.0,30,3077.266054

0.0,200,190.222242
0.0,200,193.183721
0.0,200,196.091338
100.0,4,196.149392
0.0,200,198.825265
0.0,200,201.585196
0.0,200,205.667901
0.0,200,208.331835
100.0,106,209.766265
100.0,62,210.643939
100.0,169,212.982248
0.0,200,215.575311
100.0,40,216.207345
0.0,200,219.497554
0.0,200,222.135145
100.0,92,223.372626
0.0,200,226.21608
100.0,181,228.886987
0.0,200,231.698011
0.0,200,235.725271
100.0,120,237.51223
100.0,137,239.504853
100.0,93,240.87901
0.0,200,243.633569
0.0,200,246.268415
100.0,164,248.630319
100.0,164,251.018578
0.0,200,254.047035
0.0,200,257.009656
0.0,200,260.085815
0.0,200,263.056432
100.0,64,263.991724
100.0,186,268.225212
0.0,200,271.385691
0.0,200,274.628117
0.0,200,277.486819
100.0,64,278.410554
0.0,200,281.32115
0.0,200,284.189389
0.0,200,287.008235
100.0,163,289.35627
0.0,200,292.240731
100.0,130,294.199181
0.0,200,298.336574
100.0,99,299.751762
0.0,200,302.591242
0.0,200,305.488257
100.0,186,308.129774
100.0,72,309.150709
0.0,200,312.193254
0.0,200,315.080806
100.0,126,316.890078
0.0,200,319.925619
100.0,162,336.049981
0.0,200,339.563378
0.0,200,344.197071
0.0,200,347.406005
-100.0,92,349.520491
0.0,200,352.933935
0.0,200,356.106892
100.0,36,356.654289
0.0,200,359.93285
100.0,47,360.776042
100.0,83,362.026766
0.0,200,364.895984
100.0,123,366.593122
100.0,1,366.613139
0.0,200,369.4178
100.0,99,370.947142
100.0,79,372.199389
0.0,200,375.009191
100.0,181,378.696508
0.0,200,381.548643
0.0,200,384.822333
0.0,200,388.137394
-100.0,184,390.938348
0.0,200,394.149907
0.0,200,397.108552
0.0,200,400.09362
100.0,73,401.296761
-100.0,105,402.939579
0.0,200,405.892208
100.0,111,407.584495
100.0,126,411.049774
0.0,200,414.163103
0.0,200,417.087437
0.0,200,420.046307
100.0,198,423.046942
100.0,96,424.462041
0.0,200,427.394709
100.0,112,429.088975
100.0,109,430.716689
100.0,104,432.299101
100.0,159,434.777356
0.0,200,437.723622
0.0,200,441.974939
100.0,59,442.904145
0.0,200,445.853139
-100.0,136,447.949785
0.0,200,451.078372
100.0,190,454.073406
100.0,127,456.269451
100.0,144,458.483528
100.0,44,459.171151
100.0,96,460.824719
100.0,184,464.124518
0.0,200,467.70228
100.0,91,469.552705
100.0,67,470.816629
0.0,200,476.273246
-100.0,114,480.502151
100.0,71,481.764078
0.0,200,485.212767
0.0,200,488.717734
-100.0,55,489.692029
100.0,138,492.175313
0.0,200,495.860297
0.0,200,499.574007
100.0,177,502.816738
100.0,135,522.139695
100.0,77,523.598883
100.0,179,526.949914
100.0,145,529.66534
-100.0,53,530.677068
0.0,200,536.103739
0.0,200,539.936375
-100.0,198,543.684452
0.0,200,547.47438
100.0,187,550.964793
100.0,151,553.82984
100.0,7,553.968722
-100.0,144,556.679877
0.0,200,560.579606
-100.0,190,564.265892
100.0,66,565.536267
100.0,63,566.829928
-100.0,155,569.866925
100.0,139,572.61516
100.0,28,573.156263
100.0,127,577.062023
100.0,62,578.326702
100.0,9,578.504117
-100.0,139,581.12133
100.0,109,583.211832
0.0,200,586.967182
-100.0,128,589.37539
100.0,76,590.983999
100.0,52,592.012941
-100.0,17,592.334897
100.0,167,595.598833
100.0,18,595.957762
-100.0,64,597.188009
100.0,43,598.007453
100.0,81,599.553765
100.0,81,601.063602
100.0,146,603.777459
100.0,126,606.132495
100.0,115,608.293974
100.0,181,611.640488
0.0,200,615.463377
0.0,200,620.859982
100.0,82,622.456606
100.0,116,624.678159
100.0,162,627.72199
100.0,110,629.857619
100.0,155,632.83639
100.0,119,635.077543
100.0,86,636.738428
-100.0,57,637.829815
100.0,94,639.666661
100.0,132,642.259313
100.0,145,645.104508
100.0,186,648.705119
100.0,124,651.219435
0.0,200,655.102597
100.0,48,656.031964
100.0,63,658.727274
100.0,142,661.491641
-100.0,175,664.721119
100.0,193,668.306293
100.0,38,669.02993
100.0,83,670.580602
100.0,61,671.690803
100.0,123,673.946266
100.0,136,676.597927
100.0,103,678.565163
-100.0,35,679.262577
-100.0,26,679.747358
100.0,190,683.302427
-100.0,118,685.581829
100.0,165,688.705927
100.0,63,689.903656
100.0,128,692.272423
100.0,84,693.894563
100.0,100,695.748614
100.0,162,700.316023
100.0,83,701.901178
0.0,200,705.740088
100.0,99,707.619312
100.0,77,709.062344
100.0,162,712.183415
100.0,79,713.683151
0.0,200,717.440477
100.0,16,717.749153
0.0,200,736.197813
100.0,157,739.126865
0.0,200,742.956841
100.0,108,745.047095
-100.0,103,746.992486
100.0,110,749.050015
100.0,161,752.067198
100.0,45,754.549772
100.0,76,756.074779
-100.0,21,756.555733
100.0,80,758.105626
100.0,133,760.676095
100.0,84,762.251657
100.0,123,764.627741
100.0,81,766.241523
-100.0,19,766.626865
100.0,22,767.068125
100.0,83,768.745605
100.0,81,770.339626
100.0,46,771.267658
100.0,88,773.121171
100.0,66,774.372576
100.0,144,777.138461
100.0,137,779.834304
100.0,153,782.901057
100.0,23,783.353321
100.0,113,785.584085
100.0,72,786.971093
100.0,73,788.344249
-100.0,84,789.953641
100.0,69,791.275193
0.0,200,796.62444
100.0,111,798.712561
100.0,71,800.064355
100.0,198,803.754417
100.0,93,805.477234
100.0,23,805.917202
100.0,19,806.276131
100.0,111,808.349633
-100.0,68,809.686913
100.0,55,810.735364
100.0,10,810.93262
100.0,79,812.434837
-100.0,20,812.836547
100.0,133,815.460679
100.0,84,817.123294
100.0,62,818.324303
100.0,110,820.469517
100.0,20,820.88101
-100.0,77,822.592066
100.0,59,823.743785
100.0,144,826.477873
100.0,79,828.070348
100.0,110,830.282112
100.0,127,832.386216
100.0,100,833.994153
-100.0,120,837.693189
100.0,184,842.156668
-100.0,76,843.980122
100.0,32,844.591861
100.0,61,845.736575
100.0,85,847.139988
100.0,123,849.182151
100.0,140,851.478582
100.0,1,851.503188
100.0,101,853.137678
100.0,102,854.996879
100.0,118,856.845224
100.0,61,857.778376
100.0,62,858.749865
100.0,66,859.807698
100.0,140,861.96717
100.0,152,864.30624
100.0,108,866.037211
100.0,72,867.213395
100.0,151,869.555141
100.0,67,870.675894
100.0,116,874.263602
100.0,117,876.119835
100.0,45,876.848114
100.0,41,877.796303
-100.0,99,879.802847
100.0,33,880.706024
100.0,96,882.456513
100.0,124,885.082299
100.0,31,885.755266
100.0,138,888.167832
100.0,108,889.92671
100.0,125,891.977744
-100.0,16,892.239592
100.0,46,892.977778
100.0,62,894.161373
100.0,145,896.466854
-100.0,158,898.97524
100.0,35,899.533858
100.0,65,900.57707
100.0,59,901.512926
100.0,33,902.048323
100.0,87,903.428223
100.0,37,904.054326
100.0,65,905.112898
100.0,45,905.871131
100.0,122,907.798194
100.0,116,911.092453
100.0,74,912.260706
100.0,84,913.619679
100.0,58,914.539037
100.0,52,915.374794
100.0,84,916.687235
100.0,27,917.129322
100.0,1,917.151508
-100.0,88,918.635859
100.0,147,920.934522
100.0,32,921.452094
100.0,30,921.923084
100.0,148,932.831209
100.0,51,933.719493
100.0,85,935.078827
100.0,170,938.295104
100.0,13,938.545935
-100.0,170,942.615646
100.0,95,944.921518
100.0,77,946.627385
100.0,62,947.813975
-100.0,147,950.540679
100.0,81,951.982821
100.0,49,952.830873
100.0,103,954.795708
100.0,46,955.873846
100.0,25,958.694313
100.0,118,960.789092
100.0,122,962.774736
-100.0,129,964.896767
100.0,55,965.751133
100.0,44,966.421277
100.0,74,967.606648
100.0,86,968.955966
100.0,43,969.609847
100.0,128,971.679179
100.0,89,973.841869
100.0,104,975.658196
-100.0,7,975.779548
100.0,182,978.57831
100.0,53,979.451982
100.0,64,980.568429
100.0,24,980.968329
100.0,68,982.19827
100.0,61,983.30734
100.0,88,984.832284
100.0,65,985.80953
100.0,14,986.023993
100.0,54,986.84169
100.0,26,987.254897
100.0,18,987.538677
-100.0,12,987.726652
-100.0,64,988.698934
100.0,118,990.477988
100.0,75,991.613791
100.0,77,994.259454
100.0,110,996.076124
100.0,62,997.06673
100.0,59,997.990139
100.0,117,999.814265
100.0,113,1001.661563
100.0,93,1003.179753
-100.0,127,1005.292563
100.0,33,1005.898797
100.0,68,1006.970622
100.0,93,1008.491593
100.0,66,1009.670717
100.0,69,1010.928968
100.0,82,1012.515871
100.0,63,1013.565109
100.0,92,1014.996811
100.0,20,1015.308016
100.0,66,1016.348279
100.0,10,1016.50552
-100.0,129,1018.564151
100.0,40,1019.227564
-100.0,23,1019.592059
100.0,70,1020.678915
-100.0,38,1021.275207
100.0,113,1023.019735
100.0,34,1023.544627
100.0,112,1025.267905
100.0,19,1025.593881
100.0,88,1027.043715
100.0,30,1028.899568
-100.0,88,1030.285913
100.0,127,1032.287459
100.0,133,1035.14238
100.0,69,1036.333916
100.0,90,1037.861753
100.0,16,1038.135736
100.0,126,1040.380199
100.0,96,1041.956616
100.0,153,1044.356242
100.0,48,1045.195776
100.0,28,1045.685643
100.0,42,1046.357419
-100.0,25,1046.756386
100.0,15,1046.997422
100.0,57,1047.923112
100.0,22,1048.278948
100.0,90,1049.828185
100.0,17,1050.125162
100.0,118,1052.002833
100.0,84,1053.43177
100.0,52,1054.324734
100.0,54,1055.249432
100.0,104,1057.150822
100.0,28,1057.730623
100.0,116,1060.00784
100.0,165,1062.806774
100.0,49,1063.574319
100.0,86,1066.348368
100.0,155,1068.843307
100.0,127,1070.887513
100.0,68,1072.124366
100.0,110,1074.053018
100.0,116,1076.09456
100.0,188,1079.562133
100.0,78,1080.909015
100.0,45,1081.61538
100.0,131,1083.757086
100.0,82,1085.08222
100.0,128,1087.139488
100.0,30,1087.690201
100.0,56,1088.547961
100.0,57,1089.431331
100.0,14,1089.645176
100.0,39,1090.246628
100.0,33,1090.852375
100.0,79,1092.236866
100.0,180,1095.409857
100.0,97,1097.093211
100.0,136,1099.326677
100.0,78,1101.858825
100.0,34,1102.431533
-100.0,65,1103.452365
100.0,95,1105.007541
100.0,66,1106.026491
100.0,22,1106.447469
100.0,54,1107.42435
100.0,53,1108.353809
100.0,68,1109.559736
100.0,48,1110.44227
100.0,56,1124.757486
100.0,44,1125.567405
100.0,108,1127.583484
100.0,62,1128.706986
100.0,15,1128.981502
100.0,108,1130.933253
100.0,62,1132.020157
100.0,39,1132.704424
100.0,74,1134.212054
100.0,41,1134.953716
100.0,109,1136.968505
100.0,37,1137.669854
100.0,90,1139.309504
100.0,43,1140.179782
100.0,75,1141.502536
100.0,81,1143.058666
100.0,19,1143.434582
100.0,77,1145.020831
100.0,115,1147.18413
100.0,64,1148.456374
-100.0,12,1148.724577
100.0,96,1150.658586
100.0,54,1151.709116
100.0,104,1155.314195
100.0,132,1157.926343
100.0,87,1159.646817
100.0,73,1161.131847
100.0,47,1162.097583
-100.0,4,1162.184449
100.0,101,1164.168531
100.0,35,1164.863934
100.0,57,1166.03744
-100.0,93,1167.98202
100.0,100,1169.983528
100.0,88,1171.745843
100.0,88,1173.485788
100.0,83,1175.128834
100.0,122,1177.544274
100.0,10,1177.763445
100.0,121,1180.165514
100.0,71,1181.556897
100.0,27,1182.09651
100.0,57,1183.218827
100.0,74,1184.720682
100.0,49,1185.69524
100.0,71,1187.134606
100.0,52,1188.178487
100.0,83,1189.825282
100.0,35,1190.53977
100.0,69,1191.928641
100.0,22,1192.367463
100.0,43,1193.216398
100.0,26,1193.742874
100.0,18,1194.107538
100.0,51,1196.656583
100.0,62,1197.946912
100.0,26,1198.468854
100.0,73,1199.911761
-100.0,138,1202.623781
100.0,25,1203.123965
100.0,52,1204.153366
100.0,17,1204.487732
100.0,44,1205.354002
100.0,114,1207.650399
100.0,1,1207.680725
100.0,81,1209.262614
100.0,78,1210.788672
100.0,69,1212.114885
100.0,100,1214.074937
-100.0,10,1214.278921
100.0,100,1216.234415
100.0,110,1218.471007
-100.0,20,1218.881854
100.0,73,1220.381967
100.0,115,1222.672132
100.0,46,1223.578685
100.0,34,1224.268919
-100.0,40,1225.070756
100.0,72,1226.495616
100.0,18,1226.858892
100.0,114,1229.118062
100.0,122,1231.497994
100.0,59,1232.696835
100.0,55,1233.790813
100.0,92,1235.664733
100.0,79,1238.640471
100.0,99,1240.649557
100.0,72,1242.055956
100.0,92,1243.855767
100.0,54,1244.92811
100.0,83,1246.539357
100.0,73,1247.971741
100.0,51,1248.975278
100.0,75,1250.442525
100.0,30,1251.025991
100.0,34,1251.675206
100.0,134,1254.306544
100.0,36,1255.054381
100.0,26,1255.598976
100.0,70,1257.045136
100.0,34,1257.744945
100.0,83,1259.444164
100.0,40,1260.244397
100.0,91,1262.046782
100.0,48,1263.027491
100.0,70,1264.435075
100.0,53,1265.478259
100.0,60,1266.664334
100.0,73,1268.174118
100.0,21,1268.612517
100.0,21,1269.073121
100.0,102,1271.188631
100.0,93,1273.119108
100.0,79,1274.716977
100.0,79,1276.312013
100.0,51,1277.316835
100.0,18,1277.686216
100.0,32,1278.339722
100.0,14,1278.630493
100.0,44,1280.980953
100.0,65,1282.298771
100.0,26,1282.80174
100.0,78,1284.383956
100.0,12,1284.628335
100.0,58,1285.799475
-100.0,11,1286.027224
100.0,89,1287.823854
100.0,129,1290.361626
100.0,24,1290.822967
100.0,116,1293.116954
100.0,47,1294.109316
100.0,29,1294.724309
100.0,87,1296.504867
100.0,79,1298.073041
100.0,40,1298.879092
100.0,93,1300.741846
-100.0,87,1302.466127
100.0,60,1303.6254
100.0,111,1305.779181
100.0,35,1306.496411
100.0,58,1307.649423
100.0,54,1308.72356
100.0,77,1310.223822
100.0,139,1312.975877
100.0,57,1314.088506
100.0,36,1314.79003
100.0,22,1315.23404
100.0,54,1316.290178
100.0,78,1317.791941
100.0,118,1320.047137
100.0,12,1320.279045
100.0,118,1323.933449
100.0,1,1323.962069
100.0,44,1324.81487
100.0,16,1325.132042
100.0,12,1325.375895
100.0,95,1327.245296
-100.0,39,1328.035035
100.0,80,1329.595393
100.0,80,1337.097048
-100.0,7,1337.253484
100.0,111,1339.530044
100.0,54,1340.59788
100.0,29,1341.172462
100.0,22,1341.604245
100.0,86,1343.36314
-100.0,22,1343.800814
-100.0,3,1343.866522
100.0,23,1344.308467
100.0,77,1345.830255
100.0,73,1347.247868
100.0,78,1348.765771
100.0,69,1350.14926
100.0,76,1351.622886
100.0,39,1352.439516
100.0,89,1354.169726
100.0,7,1354.314809
100.0,81,1355.89856
100.0,82,1357.570222
100.0,7,1357.713581
100.0,53,1358.758976
100.0,36,1359.509254
100.0,26,1360.042294
100.0,94,1361.971076
100.0,40,1362.800024
100.0,65,1364.156904
100.0,58,1365.325234
100.0,51,1366.32271
100.0,58,1367.434809
100.0,38,1368.184118
100.0,105,1371.766207
100.0,35,1372.457045
100.0,51,1373.450227
100.0,65,1374.794482
-100.0,11,1375.016473
-100.0,6,1375.147366
100.0,33,1375.891702
100.0,88,1377.64417
100.0,101,1379.657412
100.0,76,1381.116352
100.0,112,1383.268531
100.0,39,1384.031504
100.0,39,1384.800678
100.0,39,1385.552877
100.0,46,1386.435037
100.0,55,1387.502327
-100.0,11,1387.729284
100.0,108,1389.836174
100.0,35,1390.503485
100.0,100,1392.450181
100.0,36,1393.154851
-100.0,56,1394.296905
100.0,59,1395.472077
100.0,82,1397.074727
100.0,79,1398.602258
100.0,10,1398.800205
100.0,1,1398.831625
-100.0,10,1399.046127
100.0,41,1399.869935
100.0,27,1400.406041
100.0,13,1400.664256
100.0,91,1402.525419
100.0,66,1403.830749
100.0,70,1405.250104
100.0,110,1407.456291
100.0,1,1407.482081
100.0,20,1407.875494
100.0,139,1410.570921
100.0,36,1411.277347
100.0,31,1413.427872
100.0,16,1413.776754
100.0,46,1414.727813
-100.0,15,1415.056574
100.0,119,1417.500031
100.0,20,1417.889673
100.0,65,1419.131871
100.0,134,1421.769
100.0,56,1422.873213
100.0,66,1424.179272
100.0,24,1424.653427
100.0,50,1425.627003
100.0,58,1426.78305
100.0,89,1428.508947
100.0,60,1429.664206
100.0,80,1431.199255
100.0,81,1432.783504
100.0,92,1434.547773
100.0,56,1435.629504
100.0,11,1435.848348
100.0,80,1437.412103
100.0,24,1437.912015
100.0,80,1439.478209
100.0,76,1441.047024
100.0,46,1442.051285
100.0,122,1444.520349
100.0,66,1445.927225
100.0,73,1447.467413
100.0,83,1449.286188
100.0,58,1450.575407
100.0,5,1450.695438
100.0,72,1452.306947
100.0,11,1452.58582
100.0,42,1453.492203
100.0,43,1454.374146
100.0,66,1457.181731
100.0,47,1458.137821
100.0,54,1459.249967
100.0,67,1460.55918
100.0,41,1461.397588
100.0,45,1462.289881
100.0,23,1462.768009
100.0,8,1462.945904
100.0,33,1463.617036
100.0,29,1464.182218
100.0,51,1465.184945
100.0,42,1465.997779
100.0,68,1467.342393
100.0,53,1468.376697
100.0,60,1469.541646
100.0,62,1470.775734
100.0,3,1470.846885
100.0,38,1471.606847
100.0,22,1472.043298
100.0,33,1472.701337
100.0,33,1473.376266
100.0,139,1476.188526
100.0,57,1477.317708
100.0,83,1478.942151
100.0,132,1481.621058
100.0,1,1481.655931
100.0,46,1482.666734
100.0,38,1483.519333
100.0,27,1484.098505
100.0,74,1485.656176
100.0,48,1486.624383
100.0,23,1487.083781
100.0,12,1487.342919
100.0,44,1488.235985
100.0,48,1489.197034
100.0,50,1490.249772
100.0,70,1491.666214
100.0,48,1492.657382
100.0,80,1494.266093
100.0,87,1496.211936
100.0,78,1499.346315
100.0,77,1500.904061
100.0,68,1502.275389
100.0,88,1504.064455
100.0,26,1504.603124
100.0,116,1506.91271
100.0,37,1507.662119
100.0,63,1509.009809
100.0,72,1510.540196
100.0,30,1511.165133
100.0,38,1511.993691
100.0,37,1512.74269
100.0,19,1513.143015
-100.0,26,1513.67499
100.0,77,1515.234921
100.0,62,1516.488866
100.0,66,1517.869713
100.0,19,1518.249026
100.0,80,1519.896357
100.0,79,1521.500625
-100.0,24,1522.003604
-100.0,34,1522.715152
100.0,103,1524.812366
-100.0,29,1525.3941
-100.0,8,1525.566621
100.0,45,1526.482051
100.0,36,1527.204414
100.0,91,1529.110353
100.0,11,1529.361516
100.0,20,1529.815233
100.0,1,1529.850165
100.0,25,1530.410481
100.0,24,1530.958241
100.0,58,1532.210333
100.0,27,1532.778707
100.0,37,1533.562697
100.0,7,1533.72378
100.0,53,1534.79438
100.0,86,1536.538225
100.0,1,1536.568252
-100.0,75,1538.120737
100.0,1,1538.152662
100.0,55,1539.270338
100.0,31,1539.904018
100.0,29,1540.501692
-100.0,7,1540.64814
100.0,54,1543.315837
100.0,71,1544.80119
100.0,47,1545.751217
100.0,33,1548.723021
100.0,35,1549.428548
100.0,59,1550.606364
100.0,44,1551.483321
100.0,60,1552.71004
100.0,90,1554.521149
100.0,13,1554.785343
100.0,22,1555.226603
100.0,87,1556.957525
-100.0,31,1557.580374
100.0,35,1558.276964
100.0,70,1559.676545
100.0,54,1560.765163
100.0,25,1561.275655
100.0,63,1562.559846
100.0,47,1563.518041
100.0,51,1564.593554
100.0,10,1564.800104
100.0,83,1566.49307
-100.0,21,1566.922954
100.0,47,1567.882389
100.0,77,1569.46419
100.0,101,1571.502604
100.0,44,1572.453028
100.0,61,1573.730128
100.0,13,1574.011453
100.0,65,1575.323581
100.0,56,1576.458116
100.0,31,1577.14087
100.0,14,1577.457001
100.0,136,1580.254611
100.0,80,1581.88484
100.0,56,1583.048705
100.0,55,1584.1765
100.0,44,1585.071234
100.0,74,1586.578549
100.0,9,1586.776563
-100.0,3,1586.846554
100.0,79,1590.174894
100.0,44,1591.085733
100.0,15,1591.409715
100.0,30,1592.059402
100.0,20,1592.484067
100.0,38,1593.252593
100.0,44,1594.195904
100.0,17,1594.561621
100.0,23,1595.044943
100.0,57,1596.219552
100.0,24,1596.715506
100.0,76,1598.311871
100.0,57,1599.473297
100.0,45,1600.390646
100.0,40,1601.216724
100.0,17,1601.569557
100.0,64,1602.890827
100.0,1,1602.919844
100.0,9,1603.115968
100.0,34,1603.8239
100.0,34,1604.524556
100.0,1,1604.553286
100.0,37,1605.309499
100.0,67,1606.683385
100.0,38,1607.472852
100.0,55,1608.593315
100.0,46,1609.54016
100.0,54,1610.652111
100.0,77,1612.22172
100.0,45,1613.123304
100.0,44,1614.038516
100.0,35,1614.754247
100.0,108,1616.983914
100.0,43,1617.849944
100.0,35,1618.557091
100.0,50,1619.606577
100.0,53,1620.712679
100.0,63,1622.016671
100.0,31,1622.658151
100.0,91,1624.47947
-100.0,12,1624.726839
100.0,38,1625.524607
100.0,35,1626.246502
100.0,126,1628.810956
100.0,106,1630.91273
100.0,53,1633.496211
100.0,13,1633.776172
100.0,20,1634.212087
100.0,85,1636.118943
100.0,123,1638.664229
100.0,28,1639.266213
100.0,72,1640.721465
100.0,21,1641.155192
100.0,32,1641.799083
100.0,17,1642.145744
100.0,15,1642.461917
100.0,73,1644.010003
100.0,78,1645.606356
100.0,46,1646.58201
100.0,86,1648.324419
100.0,33,1649.005097
100.0,58,1650.172825
100.0,45,1651.067129
100.0,34,1651.76721
100.0,26,1652.327331
100.0,55,1653.481106
100.0,24,1653.969934
100.0,6,1654.107894
100.0,48,1655.087647
100.0,32,1655.743545
100.0,54,1656.837531
100.0,60,1658.060477
100.0,89,1659.922374
100.0,66,1661.264839
-100.0,9,1661.463803
100.0,70,1662.938434
100.0,38,1663.743091
100.0,28,1664.321641
100.0,17,1664.664883
100.0,45,1665.560852
100.0,24,1666.067238
100.0,57,1667.227046
100.0,28,1667.788794
100.0,50,1668.812919
100.0,41,1669.64993
100.0,12,1669.896458
100.0,72,1671.349797
100.0,60,1672.537588
100.0,78,1674.177772
100.0,46,1676.606587
100.0,71,1678.118359
100.0,55,1679.265845
100.0,16,1679.596661
-100.0,91,1681.426604
-100.0,63,1682.738394
100.0,48,1683.722185
100.0,35,1684.422889
100.0,8,1684.594651
100.0,37,1685.347859
100.0,61,1686.56824
100.0,74,1688.051661
100.0,3,1688.119125
100.0,28,1688.688674
100.0,45,1689.590735
100.0,32,1690.245111
100.0,31,1690.883203
100.0,65,1692.17993
100.0,72,1693.639422
-100.0,4,1693.731316
100.0,43,1694.597309
100.0,11,1694.822845
100.0,88,1696.58819
100.0,58,1697.750607
100.0,21,1698.164833
100.0,15,1698.474838
100.0,20,1698.889626
100.0,56,1700.053138
100.0,30,1700.661436
100.0,54,1701.74617
100.0,24,1702.233475
100.0,23,1702.697252
100.0,41,1703.527856
100.0,7,1703.676608
100.0,25,1704.194689
100.0,79,1705.867825
100.0,26,1706.407221
100.0,58,1707.643995
100.0,44,1708.584815
100.0,149,1711.608157
100.0,65,1712.916287
100.0,100,1714.934963
100.0,69,1716.316162
100.0,70,1717.728543
100.0,32,1719.811289
100.0,90,1721.68801
100.0,75,1723.216328
100.0,49,1724.245488
100.0,85,1725.978904
100.0,9,1726.173672
100.0,8,1726.355078
100.0,38,1727.157609
100.0,50,1728.174869
100.0,95,1730.074157
100.0,22,1730.516103
100.0,90,1732.31773
100.0,108,1734.502631
100.0,89,1736.333986
100.0,55,1737.5066
-100.0,50,1738.561955
100.0,54,1739.649473
100.0,30,1740.252734
100.0,58,1741.40689
100.0,37,1742.134231
100.0,79,1743.685231
100.0,40,1744.483841
-100.0,57,1745.613408
100.0,71,1747.004576
100.0,45,1747.895263
100.0,27,1748.443482
100.0,20,1748.843756
100.0,45,1749.739788
100.0,6,1749.870171
100.0,40,1750.673602
100.0,77,1752.183866
100.0,2,1752.228948
100.0,102,1754.246457
100.0,75,1755.745605
100.0,66,1757.115685
-100.0,39,1757.947082
100.0,37,1758.689632
100.0,13,1766.119582
100.0,84,1767.894826
100.0,16,1768.231739
100.0,39,1770.580639
100.0,76,1772.1477
-100.0,31,1772.79354
100.0,10,1772.999557
-100.0,26,1773.549981
100.0,43,1774.43985
100.0,36,1775.189143
100.0,10,1775.41433
100.0,25,1775.957269
100.0,65,1777.328037
100.0,39,1778.139929
100.0,15,1778.47622
100.0,10,1778.700222
100.0,15,1779.031879
100.0,5,1779.145054
100.0,9,1779.334591
100.0,26,1779.927792
100.0,68,1781.397012
100.0,32,1782.077955
100.0,61,1783.335636
100.0,40,1784.166068
100.0,18,1784.544823
100.0,65,1785.903171
100.0,42,1786.787429
-100.0,13,1787.066373
100.0,46,1788.022076
-100.0,12,1788.275632
100.0,109,1790.482059
100.0,84,1792.179023
100.0,42,1793.033103
100.0,7,1793.190667
100.0,49,1794.195729
-100.0,54,1795.313731
100.0,44,1796.218132
100.0,12,1796.475914
100.0,60,1797.692711
100.0,32,1798.333499
100.0,15,1798.646456
100.0,28,1799.208346
-100.0,59,1800.417927
100.0,45,1801.333314
100.0,43,1802.241777
-100.0,10,1802.454724
100.0,53,1803.555213
100.0,29,1804.161357
100.0,67,1805.652055
-100.0,25,1806.234449
100.0,15,1806.565201
100.0,25,1807.103409
100.0,42,1807.963606
100.0,21,1808.394491
100.0,78,1809.984519
100.0,47,1810.967449
100.0,64,1812.305152
-100.0,5,1812.415146
100.0,8,1812.587609
100.0,43,1815.020121
100.0,41,1815.90742
100.0,115,1818.361551
100.0,25,1818.924738
100.0,55,1820.164048
100.0,67,1821.633498
100.0,31,1822.335334
100.0,24,1822.863725
100.0,15,1823.211724
100.0,116,1825.739973
100.0,29,1826.358433
100.0,18,1826.75292
100.0,23,1827.251398
100.0,5,1827.361672
100.0,39,1828.204764
100.0,48,1829.218563
100.0,34,1829.936843
100.0,13,1830.215039
100.0,16,1830.552106
100.0,5,1830.669305
100.0,14,1830.966401
100.0,42,1831.910641
-100.0,4,1832.017524
100.0,22,1832.513365
100.0,10,1832.739835
100.0,62,1834.120669
100.0,48,1835.130353
100.0,47,1836.12243
100.0,55,1837.321391
100.0,17,1837.699344
100.0,63,1838.977275
100.0,40,1839.812646
100.0,24,1840.322399
100.0,10,1840.554598
100.0,23,1841.035108
100.0,68,1842.441477
100.0,100,1844.482747
100.0,45,1845.42778
100.0,32,1846.139775
100.0,65,1847.47929
100.0,41,1848.315854
100.0,84,1849.997456
100.0,22,1850.442612
100.0,40,1851.25225
100.0,92,1853.118473
100.0,86,1854.852964
100.0,44,1855.734059
100.0,70,1857.161945
100.0,20,1857.592933
100.0,10,1859.180259
100.0,32,1859.850353
-100.0,57,1860.993033
100.0,1,1861.022353
100.0,93,1862.973319
100.0,98,1865.180091
100.0,27,1865.753949
100.0,76,1867.338002
100.0,81,1869.066808
100.0,14,1869.367555
100.0,19,1869.773968
100.0,15,1870.085249
100.0,3,1870.153269
100.0,20,1870.569331
-100.0,33,1871.248873
100.0,52,1872.360199
100.0,92,1874.31485
100.0,13,1874.589737
100.0,45,1875.51485
100.0,24,1876.045611
100.0,91,1877.905768
-100.0,5,1878.009923
100.0,18,1878.392424
100.0,61,1879.644197
100.0,99,1881.687472
-100.0,45,1882.649891
100.0,19,1883.053484
100.0,69,1884.461678
100.0,33,1885.121458
100.0,37,1885.877887
-100.0,9,1886.076539
100.0,18,1886.453802
100.0,69,1887.873342
100.0,63,1889.196404
100.0,19,1889.592422
100.0,46,1890.552129
100.0,14,1890.843407
100.0,69,1892.251688
100.0,21,1892.7004
100.0,69,1894.114028
100.0,39,1894.919464
100.0,49,1896.029458
100.0,37,1896.841543
100.0,59,1898.103817
100.0,10,1898.334632
100.0,51,1899.466606
100.0,40,1900.341513
100.0,28,1900.938683
100.0,29,1901.574401
-100.0,21,1902.04009
100.0,58,1904.74721
100.0,31,1905.432395
100.0,32,1906.128924
100.0,28,1906.713567
100.0,20,1907.130976
100.0,20,1907.56975
100.0,45,1908.533079
100.0,52,1909.579006
100.0,42,1910.427551
100.0,44,1911.324234
100.0,7,1911.472643
100.0,44,1912.382619
-100.0,15,1912.699433
100.0,9,1912.892921
100.0,72,1914.357764
100.0,57,1915.521322
100.0,15,1915.830485
100.0,62,1917.075145
100.0,75,1918.62799
100.0,77,1920.225581
100.0,34,1920.959891
100.0,73,1922.437102
100.0,52,1923.505611
100.0,91,1925.481462
-100.0,4,1925.577062
100.0,30,1926.213487
100.0,17,1926.579941
100.0,47,1927.566247
100.0,16,1927.895723
100.0,78,1929.495871
100.0,32,1930.165397
100.0,72,1931.637132
-100.0,26,1932.182073
100.0,40,1932.998435
100.0,70,1934.428782
100.0,42,1935.323729
100.0,71,1936.868482
100.0,49,1937.893652
100.0,50,1938.961729
100.0,65,1940.307147
100.0,22,1940.772965
100.0,56,1941.92074
100.0,8,1942.093573
100.0,27,1942.650791
100.0,40,1943.477911
100.0,1,1943.506426
100.0,56,1944.662621
100.0,25,1945.192956
100.0,97,1948.766587
100.0,35,1949.545895
100.0,4,1949.638029
100.0,71,1951.145753
100.0,69,1952.544572
100.0,32,1953.210349
100.0,41,1954.045982
100.0,48,1955.01277
-100.0,11,1955.245454
100.0,80,1956.892512
100.0,72,1958.358327
100.0,7,1958.509089
100.0,79,1960.106771
100.0,37,1960.860827
100.0,90,1962.688523
100.0,60,1963.932021
100.0,81,1965.652874
100.0,46,1966.592831
100.0,29,1967.200431
100.0,33,1967.867505
100.0,49,1968.896863
100.0,43,1969.827846
100.0,7,1969.983307
100.0,25,1970.493248
100.0,34,1971.180891
100.0,72,1972.665356
100.0,49,1973.697898
100.0,26,1974.239665
100.0,6,1974.369871
-100.0,64,1975.716167
100.0,28,1976.310276
100.0,52,1977.410031
100.0,57,1978.579183
100.0,44,1979.504427
100.0,9,1979.711228
100.0,53,1980.792778
100.0,45,1981.709712
100.0,39,1982.510875
100.0,80,1987.338405
100.0,53,1988.550207
100.0,66,1989.969933
100.0,2,1990.026296
100.0,38,1990.866801
100.0,28,1991.507893
100.0,46,1992.494941
100.0,43,1993.410689
100.0,69,1996.494553
100.0,103,1998.632703
100.0,70,2000.057139
100.0,72,2001.539044
100.0,54,2002.642022
100.0,32,2003.303093
100.0,12,2003.548681
100.0,4,2003.638775
100.0,85,2005.400259
100.0,78,2007.023971
100.0,34,2007.736789
100.0,99,2009.823594
100.0,25,2010.350209
100.0,42,2011.216815
100.0,48,2012.200946
100.0,17,2012.555837
100.0,29,2013.168678
100.0,87,2014.925503
100.0,84,2016.660312
100.0,17,2017.032822
100.0,63,2018.34816
100.0,11,2018.585406
100.0,48,2019.573661
100.0,40,2020.455815
100.0,34,2021.186435
100.0,35,2021.954117
100.0,17,2022.325167
100.0,23,2022.854937
-100.0,11,2023.100542
100.0,40,2023.945364
100.0,97,2026.036856
100.0,48,2027.021625
100.0,95,2029.057026
100.0,64,2030.440442
100.0,76,2032.062013
100.0,75,2033.660856
-100.0,7,2033.835822
100.0,68,2035.335666
100.0,12,2035.601786
100.0,78,2037.279925
100.0,96,2040.910277
100.0,59,2042.16212
100.0,33,2042.848822
-100.0,64,2044.169168
100.0,73,2045.676508
100.0,48,2046.67804
100.0,26,2047.229212
100.0,31,2047.887594
100.0,35,2048.61962
100.0,21,2049.048747
100.0,18,2049.445896
100.0,10,2049.676757
100.0,8,2049.863949
100.0,50,2050.949325
100.0,53,2052.092953
100.0,6,2052.223309
100.0,52,2053.31764
100.0,22,2053.803369
100.0,57,2055.020206
100.0,15,2055.344255
100.0,108,2057.673275
100.0,38,2058.474594
100.0,80,2060.175402
100.0,14,2060.470618
100.0,62,2061.750662
100.0,11,2061.980958
100.0,17,2062.349958
100.0,29,2062.956646
100.0,9,2063.145883
100.0,36,2063.879688
100.0,25,2064.404371
100.0,72,2065.881999
100.0,20,2066.309199
-100.0,3,2066.375265
100.0,53,2067.467149
100.0,28,2068.050044
-100.0,7,2068.199103
100.0,18,2068.576924
100.0,55,2069.706614
100.0,93,2071.626271
100.0,71,2073.057266
100.0,47,2074.030961
100.0,17,2074.378461
100.0,28,2074.959802
100.0,27,2075.546787
100.0,29,2076.212619
100.0,21,2076.679273
100.0,13,2076.955997
100.0,27,2077.550692
100.0,23,2078.057054
100.0,43,2078.937246
100.0,17,2079.298442
100.0,37,2080.126395
100.0,43,2081.066916
100.0,23,2081.577788
100.0,13,2081.876441
100.0,16,2082.230533
100.0,18,2082.621088
-100.0,20,2083.064665
100.0,116,2087.008429
100.0,115,2089.447477
-100.0,7,2089.600237
100.0,10,2089.822778
100.0,19,2090.225169
100.0,24,2090.731071
100.0,39,2091.543097
100.0,12,2091.816329
100.0,31,2092.500762
100.0,16,2092.84479
100.0,41,2093.700191
100.0,57,2094.867592
100.0,75,2096.474639
100.0,15,2096.789438
100.0,71,2098.301156
100.0,96,2100.445156
100.0,41,2101.393784
100.0,65,2102.806557
100.0,22,2103.287686
100.0,30,2103.945617
-100.0,9,2104.165634
100.0,82,2105.974896
100.0,33,2106.664433
100.0,62,2108.01222
100.0,92,2109.942708
100.0,35,2110.684144
100.0,113,2113.179242
100.0,33,2113.866831
100.0,61,2115.157199
100.0,100,2117.276287
100.0,13,2117.550187
100.0,43,2118.456287
100.0,34,2119.184349
-100.0,50,2120.230014
100.0,15,2120.555142
100.0,51,2121.658251
100.0,22,2122.14313
100.0,71,2123.618291
-100.0,44,2124.577903
100.0,91,2126.525149
100.0,88,2128.418871
100.0,66,2131.370827
100.0,18,2131.794554
100.0,53,2132.936416
100.0,41,2133.814296
100.0,12,2134.066207
100.0,27,2134.624522
100.0,47,2135.618294
100.0,49,2136.661986
100.0,25,2137.178937
-100.0,23,2137.673856
100.0,69,2139.125315
-100.0,4,2139.224262
100.0,28,2139.852142
100.0,61,2141.162797
100.0,64,2142.55847
-100.0,70,2144.021699
100.0,56,2145.201818
100.0,35,2145.940677
100.0,13,2146.232928
100.0,24,2146.744571
100.0,39,2147.57792
100.0,74,2149.159732
100.0,13,2149.477784
100.0,23,2149.996588
100.0,40,2150.895146
100.0,64,2152.251791
100.0,72,2153.759889
100.0,34,2154.470346
100.0,49,2155.53347
-100.0,49,2156.586648
-100.0,8,2156.770595
100.0,44,2157.692905
100.0,15,2158.009306
100.0,14,2158.310199
100.0,25,2158.822324
100.0,46,2159.789325
100.0,102,2161.921429
100.0,59,2163.193753
100.0,50,2164.241529
100.0,51,2165.355862
100.0,71,2166.884358
100.0,30,2167.543686
100.0,79,2169.200429
100.0,35,2169.972613
100.0,29,2170.593565
100.0,22,2171.108602
100.0,77,2172.705736
-100.0,4,2172.799754
100.0,59,2174.034817
-100.0,11,2174.269331
100.0,28,2176.316815
100.0,35,2177.087902
100.0,13,2177.356695
100.0,61,2178.704752
100.0,12,2179.051388
100.0,16,2179.417569
100.0,66,2180.857877
100.0,17,2181.228055
100.0,43,2182.153591
100.0,31,2182.816357
100.0,50,2183.899695
100.0,3,2183.973059
100.0,14,2184.280816
100.0,59,2185.531752
100.0,48,2186.539469
100.0,51,2187.5891
100.0,29,2188.201478
100.0,12,2188.464214
100.0,33,2189.170442
100.0,60,2190.449519
100.0,66,2191.8499
100.0,15,2192.162275
-100.0,19,2192.565683
100.0,27,2193.134022
100.0,35,2193.866266
100.0,31,2194.51333
100.0,63,2195.831608
100.0,14,2196.133659
100.0,15,2196.453895
100.0,31,2197.105692
-100.0,78,2198.727195
100.0,94,2200.697321
100.0,60,2201.928099
100.0,23,2202.430897
100.0,32,2203.129245
100.0,70,2204.622908
100.0,12,2204.870913
100.0,34,2205.583256
100.0,46,2206.598609
100.0,13,2206.888485
100.0,70,2211.838926
100.0,12,2212.10443
100.0,65,2213.478147
100.0,45,2214.470412
100.0,5,2214.587142
100.0,35,2215.381109
100.0,3,2215.453999
100.0,22,2215.927758
100.0,41,2216.795729
100.0,1,2216.828068
100.0,41,2217.702037
100.0,64,2219.050814
100.0,13,2219.333111
100.0,18,2219.713323
100.0,12,2219.969989
100.0,65,2221.384088
100.0,31,2222.044578
100.0,28,2222.628484
100.0,34,2224.835191
-100.0,54,2226.026377
100.0,13,2226.299695
100.0,73,2227.827022
100.0,35,2228.563631
100.0,63,2229.876497
100.0,43,2230.765945
100.0,24,2231.278579
100.0,42,2232.144498
100.0,33,2232.863957
100.0,42,2233.768806
-100.0,34,2234.481133
100.0,5,2234.590875
-100.0,74,2236.129241
100.0,60,2237.368931
-100.0,3,2237.439754
-100.0,4,2237.52947
100.0,11,2237.769662
100.0,86,2239.551377
100.0,82,2241.221532
100.0,47,2242.187363
100.0,60,2243.433933
100.0,55,2244.641828
100.0,18,2245.042668
100.0,58,2246.278846
100.0,24,2246.774672
100.0,24,2247.272949
100.0,23,2247.755335
100.0,67,2249.147587
100.0,48,2250.14023
100.0,41,2250.975543
100.0,16,2251.309171
100.0,45,2252.292942
100.0,48,2253.312987
100.0,17,2253.700227
100.0,22,2254.196432
100.0,30,2254.830283
100.0,20,2255.277253
100.0,50,2256.366622
100.0,43,2257.253132
100.0,23,2257.739005
100.0,26,2258.279218
100.0,27,2258.841937
100.0,27,2259.427283
100.0,74,2261.03143
100.0,20,2261.441808
100.0,42,2262.314652
100.0,63,2263.613587
100.0,59,2264.913271
100.0,30,2265.536364
-100.0,13,2265.828244
100.0,28,2266.446835
100.0,27,2267.031815
100.0,41,2267.916589
100.0,62,2270.836041
100.0,44,2271.752368
100.0,48,2272.762416
100.0,60,2274.039937
100.0,32,2274.753465
100.0,44,2275.761641
100.0,5,2275.886506
100.0,64,2277.310483
100.0,48,2278.360503
100.0,19,2278.777595
100.0,37,2279.622365
100.0,23,2280.130837
100.0,88,2281.988447
100.0,34,2282.686562
100.0,49,2283.766394
100.0,27,2284.373163
100.0,56,2285.586285
100.0,33,2286.276081
100.0,25,2286.801322
100.0,46,2287.772603
100.0,15,2288.106079
100.0,46,2289.048409
100.0,47,2290.016539
100.0,49,2291.038557
100.0,52,2292.11481
100.0,34,2292.823645
100.0,55,2293.965251
100.0,20,2294.375844
100.0,39,2295.179927
100.0,54,2296.30528
100.0,39,2297.11478
100.0,49,2298.121277
100.0,17,2298.478463
100.0,15,2298.793842
100.0,47,2299.796841
100.0,49,2300.817461
100.0,26,2301.360056
-100.0,13,2301.638796
100.0,55,2302.813046
100.0,44,2303.755082
100.0,45,2304.721938
100.0,46,2305.704412
100.0,23,2306.204143
100.0,139,2309.174781
100.0,38,2309.959707
100.0,26,2310.514083
100.0,46,2311.496658
100.0,73,2313.05935
100.0,34,2315.286695
100.0,78,2317.01833
100.0,35,2317.794522
100.0,69,2319.270354
100.0,83,2321.04385
100.0,37,2321.809522
100.0,33,2322.522542
100.0,62,2323.812191
100.0,60,2325.120251
100.0,19,2325.559287
100.0,46,2326.577448
100.0,27,2327.215835
100.0,10,2327.436836
100.0,19,2327.839365
-100.0,39,2328.669618
100.0,11,2328.906046
100.0,74,2330.467198
100.0,35,2331.24701
100.0,23,2331.766562
100.0,32,2332.465636
100.0,10,2332.687685
100.0,73,2334.218011
100.0,35,2334.965381
100.0,3,2335.036801
100.0,25,2335.564723
100.0,37,2336.40176
-100.0,91,2338.303479
100.0,48,2339.294296
100.0,35,2340.023962
100.0,36,2340.821486
100.0,66,2342.357375
100.0,63,2343.739074
100.0,39,2344.609301
-100.0,11,2344.857568
100.0,7,2345.016345
100.0,29,2345.677927
100.0,86,2347.525844
-100.0,109,2349.782868
-100.0,81,2351.425843
100.0,63,2352.735757
100.0,90,2354.624519
100.0,3,2354.69787
100.0,28,2355.283551
100.0,23,2355.776249
100.0,29,2356.405275
100.0,63,2357.700849
100.0,108,2361.435845
100.0,10,2361.652375
100.0,92,2363.595269
100.0,5,2363.712158
100.0,27,2364.333472
100.0,18,2364.730399
100.0,45,2365.709999
100.0,32,2366.394193
-100.0,34,2367.11254
100.0,36,2367.931122
100.0,18,2368.355131
100.0,85,2370.141209
100.0,28,2370.730915
100.0,23,2371.243492
100.0,28,2371.871012
100.0,28,2372.484173
100.0,36,2373.282635
100.0,6,2373.428475
100.0,41,2374.345032
100.0,25,2374.919839
100.0,24,2375.460196
100.0,61,2376.854639
100.0,64,2378.27932
100.0,43,2379.192889
100.0,77,2380.831134
100.0,22,2381.309732
100.0,30,2381.977093
100.0,57,2383.238696
100.0,43,2384.258322
100.0,59,2385.562196
100.0,26,2386.131776
100.0,25,2386.69161
100.0,68,2388.173281
100.0,7,2388.3304
100.0,55,2389.490381
100.0,81,2391.253557
100.0,53,2392.367448
100.0,11,2392.608507
100.0,19,2393.009523
100.0,34,2393.791757
100.0,77,2395.548417
100.0,18,2395.936784
100.0,45,2396.927397
100.0,46,2397.887312
100.0,17,2398.254179
100.0,101,2400.452014
100.0,49,2401.521685
100.0,47,2402.52273
100.0,16,2402.864812
100.0,35,2403.619952
100.0,37,2404.409558
100.0,16,2404.764353
100.0,54,2407.644086
100.0,31,2408.337903
100.0,130,2411.093095
100.0,54,2412.211717
100.0,9,2412.416558
100.0,28,2413.019545
100.0,77,2414.660103
100.0,53,2415.793497
100.0,30,2416.435225
100.0,45,2417.413033
100.0,34,2418.148127
100.0,62,2419.471497
100.0,29,2420.094676
100.0,29,2420.74381
100.0,9,2420.95824
100.0,10,2421.192617
100.0,28,2421.821575
100.0,8,2422.005318
100.0,4,2422.110054
-100.0,73,2423.666277
100.0,44,2424.617805
100.0,37,2425.427007
100.0,43,2426.379061
100.0,22,2426.871519
100.0,55,2428.064551
100.0,24,2428.598685
100.0,17,2428.976882
100.0,47,2430.005856
100.0,17,2430.366636
100.0,21,2430.838362
100.0,47,2431.887967
100.0,28,2432.570578
100.0,7,2432.736532
100.0,89,2437.880376
100.0,86,2439.711921
100.0,45,2440.667827
-100.0,10,2440.88765
100.0,21,2441.349446
100.0,27,2441.941629
100.0,9,2442.14188
100.0,63,2443.509003
100.0,56,2444.705493
100.0,39,2445.572312
100.0,58,2446.87945
100.0,42,2447.80856
100.0,13,2448.108676
100.0,71,2449.719802
100.0,28,2450.355759
100.0,41,2451.304431
100.0,36,2452.175271
100.0,26,2452.776695
100.0,18,2453.201689
100.0,47,2454.252857
100.0,5,2454.363417
100.0,51,2457.024721
100.0,24,2457.557389
100.0,11,2457.797771
100.0,29,2458.407653
100.0,56,2459.594136
100.0,20,2460.034125
100.0,56,2461.232726
100.0,32,2461.915128
100.0,37,2462.697715
100.0,45,2463.653192
100.0,20,2464.086118
100.0,46,2465.058167
100.0,38,2465.868948
-100.0,93,2467.862806
100.0,33,2468.572911
100.0,5,2468.683993
100.0,41,2469.557537
100.0,17,2469.913321
100.0,60,2471.183773
100.0,71,2472.70607
100.0,71,2474.323648
100.0,61,2475.750427
100.0,71,2477.296187
100.0,100,2479.429362
100.0,39,2480.280174
100.0,75,2481.942512
-100.0,5,2482.058624
100.0,22,2482.541818
100.0,20,2483.014287
100.0,42,2483.966989
100.0,66,2485.416172
100.0,49,2486.489975
100.0,36,2487.292353
100.0,1,2487.324617
100.0,63,2488.678717
100.0,30,2489.322128
100.0,56,2490.553657
100.0,70,2492.043967
100.0,97,2494.157379
100.0,25,2494.698349
100.0,32,2495.402968
100.0,21,2495.877074
100.0,22,2496.371465
-100.0,45,2497.334764
100.0,20,2497.765593
100.0,26,2498.329663
100.0,47,2499.325462
100.0,42,2500.252154
100.0,50,2502.750646
100.0,91,2504.75368
100.0,68,2506.261832
-100.0,15,2506.593681
100.0,20,2507.017709
100.0,16,2507.360474
100.0,51,2508.43281
100.0,66,2509.826518
100.0,22,2510.296608
100.0,17,2510.656572
100.0,61,2511.931482
100.0,9,2512.127909
100.0,35,2512.877952
100.0,33,2513.642032
100.0,22,2514.122434
100.0,25,2514.685604
100.0,56,2515.899786
-100.0,6,2516.034005
100.0,87,2517.837767
100.0,28,2518.424298
100.0,31,2519.078875
100.0,12,2519.342572
100.0,77,2520.943388
100.0,36,2521.695575
100.0,42,2522.581187
100.0,13,2522.850427
100.0,66,2524.280786
100.0,58,2525.532155
100.0,43,2526.452377
100.0,17,2526.817212
100.0,124,2529.397576
100.0,70,2530.829109
100.0,16,2531.172548
-100.0,8,2531.348991
-100.0,5,2531.461151
100.0,11,2531.703299
100.0,80,2533.384085
100.0,20,2533.814458
100.0,39,2534.646559
-100.0,36,2535.43117
100.0,96,2537.553871
100.0,58,2538.839475
100.0,68,2540.291727
100.0,34,2541.002312
100.0,17,2541.378745
-100.0,4,2541.474088
100.0,88,2543.366218
100.0,17,2543.768706
100.0,18,2544.152786
-100.0,4,2544.247091
100.0,27,2544.828086
100.0,31,2545.494446
100.0,33,2546.237123
100.0,67,2549.376051
-100.0,8,2549.562951
100.0,57,2550.798822
100.0,47,2551.804456
100.0,65,2553.209011
100.0,6,2553.340545
100.0,41,2554.220642
100.0,44,2555.195097
100.0,52,2556.399373
100.0,29,2557.029121
100.0,40,2557.869115
100.0,84,2559.657368
100.0,91,2561.658442
100.0,49,2562.711226
100.0,77,2564.351036
100.0,58,2565.602776
100.0,60,2566.923162
100.0,37,2567.716713
100.0,37,2568.498312
100.0,29,2569.099293
-100.0,6,2569.22892
100.0,29,2569.850282
100.0,53,2570.977234
100.0,16,2571.317382
-100.0,6,2571.454263
100.0,52,2572.563344
100.0,32,2573.236476
100.0,44,2574.181975
100.0,30,2574.815886
100.0,36,2575.576344
100.0,88,2577.439638
100.0,37,2578.260563
100.0,19,2578.679846
100.0,14,2578.983288
100.0,80,2580.678413
100.0,98,2582.865942
100.0,31,2583.566994
100.0,61,2584.960324
100.0,72,2586.57007
100.0,35,2587.349133
100.0,107,2589.679582
100.0,46,2590.669051
100.0,38,2591.478303
-100.0,4,2591.571476
100.0,27,2592.202617
100.0,20,2594.134226
100.0,35,2594.927258
100.0,68,2596.387775
-100.0,76,2598.055428
100.0,77,2599.7014
100.0,18,2600.097581
100.0,40,2600.958981
100.0,2,2601.015413
100.0,41,2601.963313
100.0,38,2602.786631
100.0,41,2603.708533
100.0,62,2605.15217
100.0,43,2606.125655
100.0,15,2606.47285
100.0,43,2607.458194
100.0,11,2607.718865
100.0,30,2608.396779
100.0,41,2609.25862
-100.0,28,2609.854427
100.0,7,2610.013972
100.0,37,2610.80007
100.0,32,2611.485844
100.0,78,2613.126508
100.0,31,2613.795669
100.0,25,2614.33785
100.0,48,2615.346268
100.0,23,2615.828002
100.0,45,2616.826041
100.0,47,2617.810021
100.0,43,2618.741468
100.0,41,2619.625096
100.0,86,2621.43401
100.0,21,2621.881968
-100.0,71,2623.380233
100.0,10,2623.593349
100.0,8,2623.782861
100.0,28,2624.411887
100.0,62,2625.765989
100.0,74,2627.359115
100.0,62,2628.711861
100.0,19,2629.135187
100.0,31,2629.790965
100.0,19,2630.221489
100.0,43,2631.18306
100.0,4,2631.276892
100.0,30,2631.966617
100.0,59,2633.327364
100.0,51,2634.467798
100.0,57,2635.819899
100.0,38,2636.706513
100.0,26,2637.323264
100.0,69,2638.845551
100.0,12,2640.625796
100.0,17,2641.021289
100.0,51,2642.132666
100.0,104,2644.340881
100.0,52,2645.45511
100.0,40,2646.326708
100.0,10,2646.553892
100.0,42,2647.478871
100.0,29,2648.103992
100.0,40,2648.998981
100.0,42,2649.912108
100.0,32,2650.683115
100.0,45,2651.670537
100.0,95,2653.702456
100.0,11,2653.942064
100.0,71,2655.453246
100.0,59,2656.703542
100.0,60,2658.032122
-100.0,21,2658.488451
100.0,19,2658.89699
100.0,46,2659.878021
100.0,34,2660.58947
100.0,33,2661.321572
100.0,30,2664.172368
100.0,20,2664.654457
100.0,14,2664.968001
100.0,33,2665.701631
100.0,63,2667.063037
100.0,83,2668.913496
100.0,10,2669.14436
100.0,22,2669.63905
100.0,34,2670.400978
100.0,14,2670.713503
100.0,43,2671.642011
100.0,56,2672.828844
100.0,44,2673.74558
-100.0,9,2673.94531
100.0,24,2674.466512
100.0,76,2676.080509
100.0,54,2677.210374
100.0,10,2677.427008
-100.0,11,2677.666774
100.0,5,2677.783095
100.0,12,2678.036885
100.0,24,2678.548813
100.0,27,2679.112704
100.0,32,2679.782335
100.0,41,2680.65831
100.0,36,2681.418378
-100.0,5,2681.528222
100.0,30,2682.152423
100.0,110,2684.485896
100.0,19,2684.89939
100.0,40,2685.777924
100.0,42,2686.70195
100.0,102,2690.582309
100.0,9,2690.780624
100.0,65,2692.194465
100.0,87,2694.099716
100.0,42,2694.988448
100.0,47,2696.060927
100.0,27,2696.659128
100.0,38,2697.530628
100.0,41,2698.447625
100.0,5,2698.569194
100.0,48,2699.635375
100.0,26,2700.224861
100.0,30,2700.90329
100.0,51,2702.075953
100.0,35,2702.8366
100.0,20,2703.282712
100.0,30,2703.924455
100.0,11,2704.170491
-100.0,9,2704.367831
100.0,49,2705.415705
100.0,44,2706.355916
100.0,45,2707.307328
100.0,36,2708.080208
100.0,47,2709.091098
100.0,18,2709.494859
100.0,38,2710.302659
100.0,76,2711.988619
100.0,62,2713.325808
100.0,25,2713.867553
100.0,56,2715.064636
-100.0,8,2715.238251
100.0,59,2716.492526
100.0,35,2717.229983
100.0,32,2717.917902
100.0,86,2719.724518
100.0,32,2720.404273
100.0,27,2720.983915
100.0,25,2721.516879
100.0,38,2722.331052
100.0,34,2723.062653
100.0,51,2724.122745
100.0,42,2725.005132
100.0,26,2725.560551
-100.0,11,2725.801281
-100.0,89,2727.726254
100.0,34,2728.440574
100.0,72,2729.962016
100.0,50,2731.161397
100.0,20,2731.652611
100.0,18,2732.066158
100.0,36,2732.866908
100.0,37,2735.305113
100.0,78,2736.994891
100.0,58,2738.241993
100.0,37,2739.042714
100.0,33,2739.75668
100.0,41,2740.64703
100.0,4,2740.743417
100.0,31,2741.402147
-100.0,8,2741.582886
100.0,63,2742.959746
100.0,37,2743.812949
100.0,26,2744.395
100.0,45,2745.349535
100.0,17,2745.712505
100.0,17,2746.094986
100.0,26,2746.655995
100.0,4,2746.751704
100.0,86,2748.602491
100.0,18,2748.9984
100.0,98,2751.170271
100.0,43,2752.188015
100.0,47,2753.169088
100.0,34,2753.75136
100.0,60,2754.791965
100.0,23,2755.21016
100.0,18,2755.55836
100.0,65,2756.692911
100.0,54,2757.644235
-100.0,5,2757.735582
100.0,62,2758.777368
100.0,79,2760.090693
100.0,9,2760.252159
100.0,38,2760.903917
100.0,37,2761.551162
100.0,36,2762.2392
100.0,47,2763.157094
100.0,44,2764.063168
100.0,38,2764.787812
100.0,57,2766.09089
100.0,71,2767.729497
-100.0,4,2767.816952
100.0,45,2768.651118
100.0,61,2769.768853
100.0,18,2770.108641
100.0,90,2771.606341
100.0,67,2772.875525
100.0,28,2773.37162
100.0,21,2773.765634
100.0,67,2774.913331
100.0,45,2776.948933
100.0,46,2777.800977
100.0,78,2779.129271
100.0,48,2779.96764
100.0,48,2780.803234
100.0,33,2781.454914
100.0,70,2782.724499
100.0,56,2783.793108
100.0,57,2784.815017
100.0,18,2785.123495
100.0,34,2785.708302
100.0,90,2787.266646
100.0,39,2787.961719
100.0,31,2788.503444
100.0,61,2789.63335
100.0,61,2790.918952
100.0,43,2792.043662
100.0,25,2792.630756
100.0,49,2793.829041
100.0,54,2794.991292
100.0,35,2795.648669
100.0,48,2796.577282
-100.0,14,2796.865375
100.0,24,2797.344717
100.0,44,2798.208027
100.0,33,2798.865316
-100.0,8,2799.032716
100.0,43,2799.890704
100.0,53,2800.936364
100.0,96,2802.802456
100.0,56,2803.892477
100.0,56,2804.973838
100.0,1,2805.001405
-100.0,9,2805.189968
100.0,42,2806.013032
100.0,19,2806.40029
100.0,56,2807.501855
100.0,29,2808.077131
100.0,11,2808.295133
100.0,32,2808.910205
-100.0,22,2809.352733
100.0,69,2810.593693
100.0,39,2811.283407
100.0,58,2812.365333
100.0,22,2812.75803
100.0,29,2813.326395
100.0,35,2814.077501
100.0,49,2815.181349
100.0,20,2815.570876
100.0,48,2818.314104
100.0,19,2818.717373
100.0,54,2819.755408
100.0,67,2821.307034
100.0,66,2822.734568
100.0,65,2824.043447
-100.0,13,2824.288505
100.0,19,2824.666003
100.0,47,2825.691218
-100.0,51,2826.665507
100.0,45,2827.582092
100.0,23,2828.007797
100.0,32,2828.582607
100.0,31,2829.148124
100.0,32,2829.769137
100.0,54,2830.72917
100.0,16,2831.024174
100.0,31,2831.562576
100.0,20,2831.909455
100.0,41,2832.615541
100.0,62,2833.6977
100.0,38,2834.350261
-100.0,4,2834.428274
100.0,42,2835.147139
100.0,41,2835.849137
-100.0,10,2836.030294
100.0,51,2836.937821
-100.0,4,2837.016576
-100.0,18,2837.342945
100.0,16,2837.624233
100.0,70,2838.840729
100.0,10,2839.024258
100.0,21,2839.407326
100.0,60,2840.443555
100.0,27,2840.913612
100.0,24,2841.329967
100.0,53,2842.264856
100.0,13,2842.50725
100.0,3,2842.567327
100.0,44,2843.315382
100.0,47,2844.119486
100.0,19,2844.480687
100.0,71,2845.719134
100.0,42,2846.437694
100.0,42,2847.172798
-100.0,13,2847.401776
100.0,49,2848.269095
100.0,42,2848.990158
100.0,1,2849.0157
100.0,38,2849.681011
100.0,47,2850.516225
100.0,31,2851.060599
100.0,28,2851.545738
100.0,17,2851.838567
100.0,51,2852.700651
100.0,49,2853.537634
100.0,90,2855.127995
100.0,4,2855.202955
100.0,19,2855.529135
-100.0,2,2855.571681
100.0,43,2857.480346
100.0,91,2859.068047
100.0,16,2859.348991
100.0,56,2860.332552
100.0,62,2861.410368
100.0,40,2862.092982
100.0,45,2862.858721
100.0,37,2863.496863
100.0,78,2864.801532
100.0,38,2865.448195
100.0,40,2866.165551
100.0,38,2866.817311
-100.0,16,2867.100079
100.0,68,2868.264957
100.0,7,2868.39369
100.0,38,2869.052484
100.0,14,2869.30889
100.0,54,2871.771461
100.0,65,2872.874317
100.0,71,2874.059994
100.0,32,2874.598381
100.0,25,2875.027397
100.0,30,2875.538903
100.0,80,2876.880327
100.0,63,2877.968593
100.0,69,2879.168296
-100.0,46,2879.944932
100.0,46,2880.729653
100.0,48,2881.550252
100.0,32,2882.095179
100.0,65,2883.210431
100.0,8,2883.35298
100.0,83,2884.789478
100.0,60,2885.806158
100.0,79,2887.15613
100.0,17,2887.459505
100.0,31,2888.007447
100.0,46,2888.821349
100.0,85,2890.338725
100.0,73,2891.611842
100.0,19,2891.955432
100.0,27,2892.424695
100.0,40,2893.109685
100.0,22,2893.492144
100.0,67,2895.855219
100.0,69,2897.058791
100.0,21,2897.429388
100.0,36,2898.057034
100.0,43,2898.805287
100.0,60,2899.863863
100.0,35,2900.487387
100.0,35,2901.117055
100.0,30,2901.651462
100.0,60,2902.727449
100.0,20,2903.084852
100.0,69,2904.258575
100.0,55,2905.179752
100.0,25,2905.613136
100.0,54,2906.542931
100.0,60,2907.573541
100.0,41,2908.291224
100.0,37,2908.926014
100.0,26,2909.385082
100.0,12,2909.617333
100.0,61,2910.781089
100.0,64,2911.884641
100.0,66,2913.006688
100.0,13,2913.238353
100.0,25,2913.664578
100.0,56,2914.615029
100.0,35,2915.223143
100.0,32,2915.781757
100.0,17,2916.092397
100.0,84,2917.536081
100.0,37,2918.171875
100.0,8,2918.317848
100.0,30,2918.842931
100.0,10,2919.022292
100.0,38,2919.670965
100.0,53,2920.595486
100.0,22,2920.983132
100.0,34,2921.634116
100.0,18,2922.02577
100.0,87,2923.711736
100.0,51,2924.841088
100.0,62,2926.082635
100.0,44,2926.886999
100.0,68,2928.173771
100.0,57,2929.288023
100.0,91,2930.977185
100.0,88,2937.222114
100.0,33,2937.842701
100.0,40,2938.886724
100.0,57,2939.954621
100.0,39,2940.682832
100.0,51,2941.605038
100.0,39,2942.288296
100.0,57,2943.279215
100.0,1,2943.303896
100.0,36,2943.947546
100.0,40,2944.648821
100.0,51,2945.543658
100.0,29,2946.054716
100.0,5,2946.146167
100.0,27,2946.624374
100.0,56,2947.6984
100.0,28,2948.214147
100.0,52,2949.18153
100.0,52,2950.134423
100.0,51,2951.210361
100.0,14,2951.564309
100.0,34,2952.282501
100.0,21,2952.67789
100.0,21,2953.070973
100.0,98,2954.888451
100.0,49,2955.805469
100.0,36,2956.562603
-100.0,7,2956.701621
100.0,7,2956.834195
100.0,57,2957.928753
100.0,12,2958.166905
100.0,24,2958.623851
100.0,9,2958.821409
100.0,55,2960.153293
100.0,24,2960.811628
100.0,36,2961.635718
100.0,38,2962.527684
100.0,24,2963.155991
100.0,24,2963.607713
100.0,9,2963.787666
100.0,20,2964.192711
100.0,22,2965.102436
100.0,14,2965.403273
100.0,59,2966.608661
100.0,37,2967.401711
100.0,6,2967.551895
100.0,52,2968.583349
100.0,9,2968.757384
100.0,54,2969.842118
100.0,43,2970.751532
100.0,15,2971.050143
100.0,34,2971.723289
100.0,23,2972.165184
100.0,80,2973.71499
100.0,33,2974.344595
100.0,64,2975.643675
100.0,1,2975.673237
100.0,72,2977.113693
100.0,40,2979.479067
100.0,49,2980.491049
100.0,62,2981.798501
100.0,48,2982.906933
100.0,52,2983.931427
100.0,50,2984.873108
100.0,17,2985.21455
100.0,46,2986.151897
100.0,22,2986.587404
100.0,53,2987.633013
100.0,83,2989.268242
100.0,9,2989.445657
100.0,16,2989.755778
-100.0,25,2990.254384
100.0,14,2990.530925
100.0,47,2991.424747
100.0,44,2992.27668
100.0,31,2992.878731
100.0,14,2993.161896
100.0,91,2994.992435
100.0,24,2995.474198
100.0,27,2996.017166
100.0,54,2997.037046
100.0,22,2997.459731
100.0,15,2997.75578
-100.0,21,2998.168183
100.0,41,2998.962754
100.0,28,2999.504848
100.0,25,2999.98814
100.0,17,3000.318295
100.0,26,3000.841852
-100.0,14,3001.122046
100.0,84,3002.732371
-100.0,33,3003.458218
100.0,48,3004.431271
100.0,55,3005.622252
100.0,15,3005.924945
100.0,6,3006.048201
100.0,24,3006.513624
-100.0,4,3006.596423
100.0,109,3008.687443
100.0,12,3008.932941
100.0,44,3009.784349
100.0,14,3010.067604
100.0,24,3010.601613
100.0,56,3011.774279
100.0,36,3012.533837
100.0,84,3014.394274
100.0,29,3015.013548
100.0,11,3015.254615
100.0,36,3016.070919
100.0,10,3016.282674
-100.0,7,3016.435844
100.0,45,3017.342552
100.0,53,3018.380967
-100.0,3,3018.446628
100.0,33,3019.125627
100.0,40,3019.915485
100.0,15,3020.21969
100.0,12,3022.064925
100.0,23,3022.580821
100.0,62,3023.87272
100.0,47,3024.795035
100.0,35,3025.542555
100.0,85,3027.211178
100.0,60,3028.360941
100.0,23,3028.837096
100.0,53,3029.924964
100.0,6,3030.056582
100.0,32,3030.683575
100.0,41,3031.498339
100.0,3,3031.564681
100.0,11,3031.786442
100.0,31,3032.405761
100.0,19,3032.780693
100.0,44,3033.633299
100.0,42,3034.455604
100.0,27,3034.974692
100.0,36,3035.681226
100.0,28,3036.264206
100.0,62,3037.486244
100.0,4,3037.580449
-100.0,6,3037.710817
100.0,27,3038.277486
100.0,59,3039.4576
100.0,55,3040.579194
100.0,15,3040.910464
100.0,44,3041.839224
100.0,20,3042.269391
100.0,43,3043.182483
-100.0,54,3044.279826
-100.0,38,3045.015587
100.0,55,3046.154077
100.0,38,3047.006641
100.0,21,3047.449417
100.0,19,3047.874766
100.0,62,3049.168967
-100.0,14,3049.469166
100.0,67,3050.874053
100.0,22,3051.324541
100.0,18,3051.685894
100.0,38,3052.430274
100.0,64,3053.717959
100.0,15,3054.071063
100.0,49,3055.063984
100.0,22,3055.48916
100.0,63,3056.717405
100.0,13,3056.975939
100.0,29,3057.535548
100.0,35,3058.202013
100.0,43,3059.037349
100.0,50,3059.991162
100.0,42,3060.804007
100.0,52,3061.820302
100.0,42,3062.637657
100.0,49,3065.225383
100.0,45,3066.164737
100.0,55,3067.267395
100.0,47,3068.180179
100.0,33,3068.834697
100.0,35,3069.525143
100.0,42,3070.373444
100.0,36,3071.134719
100.0,12,3071.38013
100.0,19,3071.76363
100.0,58,3072.907016
100.0,53,3073.955856
100.0,35,3074.634231
100.0,36,3077.804903
100.0,19,3078.2152
100.0,61,3079.485481
100.0,43,3080.338611
100.0,25,3080.845475
100.0,46,3081.746274
100.0,36,3082.47066
100.0,44,3083.33967
100.0,6,3083.467319
100.0,6,3083.598564
100.0,51,3084.599771
100.0,36,3085.310461
100.0,16,3085.633272
-100.0,91,3087.373645
100.0,8,3087.533939
100.0,18,3087.885918
100.0,17,3088.21918
100.0,43,3089.071393
100.0,26,3089.576081
100.0,27,3090.123435
100.0,41,3090.935744
100.0,57,3092.071871
100.0,4,3092.170447
100.0,43,3093.004773
100.0,47,3093.90454
100.0,39,3094.692901
100.0,33,3095.346123
100.0,82,3096.988529
100.0,87,3098.914031
100.0,16,3099.228266
-100.0,96,3101.121955
100.0,40,3101.916475
100.0,14,3102.216636
100.0,35,3102.926126
100.0,23,3103.372602
100.0,8,3103.54483
-100.0,87,3105.33267
100.0,32,3105.953837
-100.0,20,3106.370849
100.0,21,3106.814907
100.0,38,3107.611334
